AccountID,CustomerID,AccountType,Tenure,OpenDate,Status
ACC0000,CUST0000,Current,6,2015-01-01,Inactive
ACC0001,CUST0001,Current,5,2015-01-02,Active
ACC0002,CUST0002,Savings,9,2015-01-03,Active
ACC0003,CUST0003,Fixed,2,2015-01-04,Active
ACC0004,CUST0004,Fixed,8,2015-01-05,Inactive
ACC0005,CUST0005,Current,5,2015-01-06,Inactive
ACC0006,CUST0006,Current,2,2015-01-07,Inactive
ACC0007,CUST0007,Fixed,6,2015-01-08,Inactive
ACC0008,CUST0008,Fixed,8,2015-01-09,Active
ACC0009,CUST0009,Current,4,2015-01-10,Inactive
ACC0010,CUST0010,Current,2,2015-01-11,Inactive
ACC0011,CUST0011,Fixed,5,2015-01-12,Inactive
ACC0012,CUST0012,Savings,2,2015-01-13,Active
ACC0013,CUST0013,Current,2,2015-01-14,Inactive
ACC0014,CUST0014,Fixed,6,2015-01-15,Inactive
ACC0015,CUST0015,Fixed,9,2015-01-16,Active
ACC0016,CUST0016,Fixed,4,2015-01-17,Inactive
ACC0017,CUST0017,Fixed,6,2015-01-18,Inactive
ACC0018,CUST0018,Savings,7,2015-01-19,Active
ACC0019,CUST0019,Fixed,6,2015-01-20,Inactive
ACC0020,CUST0020,Current,8,2015-01-21,Inactive
ACC0021,CUST0021,Savings,4,2015-01-22,Inactive
ACC0022,CUST0022,Fixed,1,2015-01-23,Active
ACC0023,CUST0023,Savings,7,2015-01-24,Inactive
ACC0024,CUST0024,Current,3,2015-01-25,Inactive
ACC0025,CUST0025,Fixed,6,2015-01-26,Active
ACC0026,CUST0026,Current,2,2015-01-27,Active
ACC0027,CUST0027,Fixed,9,2015-01-28,Inactive
ACC0028,CUST0028,Fixed,1,2015-01-29,Inactive
ACC0029,CUST0029,Fixed,6,2015-01-30,Inactive
ACC0030,CUST0030,Fixed,6,2015-01-31,Inactive
ACC0031,CUST0031,Fixed,5,2015-02-01,Active
ACC0032,CUST0032,Savings,5,2015-02-02,Inactive
ACC0033,CUST0033,Fixed,1,2015-02-03,Active
ACC0034,CUST0034,Fixed,5,2015-02-04,Active
ACC0035,CUST0035,Savings,2,2015-02-05,Inactive
ACC0036,CUST0036,Savings,7,2015-02-06,Inactive
ACC0037,CUST0037,Savings,3,2015-02-07,Active
ACC0038,CUST0038,Savings,4,2015-02-08,Active
ACC0039,CUST0039,Savings,3,2015-02-09,Inactive
ACC0040,CUST0040,Savings,3,2015-02-10,Active
ACC0041,CUST0041,Fixed,4,2015-02-11,Inactive
ACC0042,CUST0042,Fixed,5,2015-02-12,Inactive
ACC0043,CUST0043,Current,1,2015-02-13,Active
ACC0044,CUST0044,Fixed,4,2015-02-14,Active
ACC0045,CUST0045,Fixed,8,2015-02-15,Inactive
ACC0046,CUST0046,Savings,7,2015-02-16,Active
ACC0047,CUST0047,Savings,9,2015-02-17,Inactive
ACC0048,CUST0048,Fixed,5,2015-02-18,Inactive
ACC0049,CUST0049,Current,4,2015-02-19,Inactive
ACC0050,CUST0050,Savings,8,2015-02-20,Active
ACC0051,CUST0051,Fixed,9,2015-02-21,Inactive
ACC0052,CUST0052,Fixed,7,2015-02-22,Inactive
ACC0053,CUST0053,Current,7,2015-02-23,Inactive
ACC0054,CUST0054,Current,5,2015-02-24,Inactive
ACC0055,CUST0055,Savings,4,2015-02-25,Inactive
ACC0056,CUST0056,Current,1,2015-02-26,Inactive
ACC0057,CUST0057,Fixed,7,2015-02-27,Inactive
ACC0058,CUST0058,Fixed,1,2015-02-28,Inactive
ACC0059,CUST0059,Current,1,2015-03-01,Inactive
ACC0060,CUST0060,Current,5,2015-03-02,Inactive
ACC0061,CUST0061,Current,9,2015-03-03,Inactive
ACC0062,CUST0062,Current,6,2015-03-04,Active
ACC0063,CUST0063,Savings,3,2015-03-05,Inactive
ACC0064,CUST0064,Current,3,2015-03-06,Inactive
ACC0065,CUST0065,Savings,7,2015-03-07,Inactive
ACC0066,CUST0066,Fixed,6,2015-03-08,Active
ACC0067,CUST0067,Current,9,2015-03-09,Inactive
ACC0068,CUST0068,Savings,6,2015-03-10,Active
ACC0069,CUST0069,Current,5,2015-03-11,Inactive
ACC0070,CUST0070,Fixed,7,2015-03-12,Inactive
ACC0071,CUST0071,Fixed,1,2015-03-13,Active
ACC0072,CUST0072,Fixed,7,2015-03-14,Inactive
ACC0073,CUST0073,Current,3,2015-03-15,Active
ACC0074,CUST0074,Current,9,2015-03-16,Active
ACC0075,CUST0075,Savings,6,2015-03-17,Inactive
ACC0076,CUST0076,Fixed,9,2015-03-18,Inactive
ACC0077,CUST0077,Current,5,2015-03-19,Inactive
ACC0078,CUST0078,Fixed,7,2015-03-20,Inactive
ACC0079,CUST0079,Fixed,4,2015-03-21,Active
ACC0080,CUST0080,Savings,7,2015-03-22,Active
ACC0081,CUST0081,Savings,1,2015-03-23,Inactive
ACC0082,CUST0082,Savings,7,2015-03-24,Active
ACC0083,CUST0083,Savings,8,2015-03-25,Active
ACC0084,CUST0084,Fixed,5,2015-03-26,Inactive
ACC0085,CUST0085,Savings,2,2015-03-27,Active
ACC0086,CUST0086,Savings,5,2015-03-28,Active
ACC0087,CUST0087,Savings,6,2015-03-29,Inactive
ACC0088,CUST0088,Savings,2,2015-03-30,Active
ACC0089,CUST0089,Fixed,6,2015-03-31,Inactive
ACC0090,CUST0090,Savings,6,2015-04-01,Active
ACC0091,CUST0091,Fixed,1,2015-04-02,Inactive
ACC0092,CUST0092,Current,1,2015-04-03,Active
ACC0093,CUST0093,Fixed,3,2015-04-04,Active
ACC0094,CUST0094,Fixed,3,2015-04-05,Inactive
ACC0095,CUST0095,Savings,4,2015-04-06,Inactive
ACC0096,CUST0096,Current,2,2015-04-07,Inactive
ACC0097,CUST0097,Current,9,2015-04-08,Inactive
ACC0098,CUST0098,Current,7,2015-04-09,Active
ACC0099,CUST0099,Current,7,2015-04-10,Active
ACC0100,CUST0100,Fixed,6,2015-04-11,Active
ACC0101,CUST0101,Current,3,2015-04-12,Inactive
ACC0102,CUST0102,Fixed,6,2015-04-13,Active
ACC0103,CUST0103,Fixed,8,2015-04-14,Active
ACC0104,CUST0104,Fixed,8,2015-04-15,Inactive
ACC0105,CUST0105,Current,9,2015-04-16,Inactive
ACC0106,CUST0106,Savings,1,2015-04-17,Active
ACC0107,CUST0107,Savings,1,2015-04-18,Inactive
ACC0108,CUST0108,Current,3,2015-04-19,Active
ACC0109,CUST0109,Savings,3,2015-04-20,Active
ACC0110,CUST0110,Savings,8,2015-04-21,Inactive
ACC0111,CUST0111,Fixed,1,2015-04-22,Active
ACC0112,CUST0112,Fixed,2,2015-04-23,Inactive
ACC0113,CUST0113,Current,2,2015-04-24,Inactive
ACC0114,CUST0114,Current,3,2015-04-25,Active
ACC0115,CUST0115,Savings,6,2015-04-26,Active
ACC0116,CUST0116,Fixed,1,2015-04-27,Active
ACC0117,CUST0117,Current,2,2015-04-28,Inactive
ACC0118,CUST0118,Current,1,2015-04-29,Active
ACC0119,CUST0119,Current,5,2015-04-30,Inactive
ACC0120,CUST0120,Current,7,2015-05-01,Inactive
ACC0121,CUST0121,Current,8,2015-05-02,Active
ACC0122,CUST0122,Current,1,2015-05-03,Inactive
ACC0123,CUST0123,Savings,7,2015-05-04,Active
ACC0124,CUST0124,Fixed,5,2015-05-05,Active
ACC0125,CUST0125,Fixed,1,2015-05-06,Active
ACC0126,CUST0126,Current,3,2015-05-07,Active
ACC0127,CUST0127,Fixed,7,2015-05-08,Active
ACC0128,CUST0128,Fixed,1,2015-05-09,Active
ACC0129,CUST0129,Fixed,7,2015-05-10,Active
ACC0130,CUST0130,Current,5,2015-05-11,Inactive
ACC0131,CUST0131,Current,1,2015-05-12,Active
ACC0132,CUST0132,Fixed,1,2015-05-13,Inactive
ACC0133,CUST0133,Fixed,1,2015-05-14,Inactive
ACC0134,CUST0134,Current,9,2015-05-15,Inactive
ACC0135,CUST0135,Savings,3,2015-05-16,Active
ACC0136,CUST0136,Fixed,5,2015-05-17,Inactive
ACC0137,CUST0137,Savings,9,2015-05-18,Inactive
ACC0138,CUST0138,Fixed,6,2015-05-19,Active
ACC0139,CUST0139,Savings,9,2015-05-20,Active
ACC0140,CUST0140,Savings,8,2015-05-21,Inactive
ACC0141,CUST0141,Savings,8,2015-05-22,Active
ACC0142,CUST0142,Current,1,2015-05-23,Active
ACC0143,CUST0143,Savings,9,2015-05-24,Active
ACC0144,CUST0144,Savings,6,2015-05-25,Active
ACC0145,CUST0145,Savings,9,2015-05-26,Inactive
ACC0146,CUST0146,Fixed,3,2015-05-27,Active
ACC0147,CUST0147,Savings,3,2015-05-28,Active
ACC0148,CUST0148,Fixed,6,2015-05-29,Active
ACC0149,CUST0149,Savings,9,2015-05-30,Inactive
ACC0150,CUST0150,Savings,7,2015-05-31,Inactive
ACC0151,CUST0151,Current,3,2015-06-01,Active
ACC0152,CUST0152,Fixed,3,2015-06-02,Active
ACC0153,CUST0153,Savings,2,2015-06-03,Inactive
ACC0154,CUST0154,Fixed,9,2015-06-04,Active
ACC0155,CUST0155,Fixed,3,2015-06-05,Active
ACC0156,CUST0156,Current,5,2015-06-06,Inactive
ACC0157,CUST0157,Current,9,2015-06-07,Active
ACC0158,CUST0158,Current,8,2015-06-08,Active
ACC0159,CUST0159,Current,2,2015-06-09,Inactive
ACC0160,CUST0160,Current,3,2015-06-10,Inactive
ACC0161,CUST0161,Current,2,2015-06-11,Active
ACC0162,CUST0162,Current,8,2015-06-12,Inactive
ACC0163,CUST0163,Current,6,2015-06-13,Active
ACC0164,CUST0164,Savings,6,2015-06-14,Active
ACC0165,CUST0165,Fixed,9,2015-06-15,Active
ACC0166,CUST0166,Current,8,2015-06-16,Inactive
ACC0167,CUST0167,Current,4,2015-06-17,Inactive
ACC0168,CUST0168,Fixed,4,2015-06-18,Active
ACC0169,CUST0169,Savings,9,2015-06-19,Active
ACC0170,CUST0170,Fixed,1,2015-06-20,Inactive
ACC0171,CUST0171,Fixed,2,2015-06-21,Inactive
ACC0172,CUST0172,Current,2,2015-06-22,Inactive
ACC0173,CUST0173,Fixed,6,2015-06-23,Active
ACC0174,CUST0174,Fixed,4,2015-06-24,Inactive
ACC0175,CUST0175,Current,3,2015-06-25,Inactive
ACC0176,CUST0176,Current,3,2015-06-26,Active
ACC0177,CUST0177,Current,3,2015-06-27,Active
ACC0178,CUST0178,Current,6,2015-06-28,Active
ACC0179,CUST0179,Fixed,8,2015-06-29,Inactive
ACC0180,CUST0180,Fixed,7,2015-06-30,Active
ACC0181,CUST0181,Savings,4,2015-07-01,Active
ACC0182,CUST0182,Savings,4,2015-07-02,Active
ACC0183,CUST0183,Fixed,2,2015-07-03,Active
ACC0184,CUST0184,Savings,1,2015-07-04,Inactive
ACC0185,CUST0185,Fixed,9,2015-07-05,Active
ACC0186,CUST0186,Savings,2,2015-07-06,Inactive
ACC0187,CUST0187,Current,8,2015-07-07,Inactive
ACC0188,CUST0188,Savings,9,2015-07-08,Inactive
ACC0189,CUST0189,Current,4,2015-07-09,Active
ACC0190,CUST0190,Current,8,2015-07-10,Inactive
ACC0191,CUST0191,Current,9,2015-07-11,Active
ACC0192,CUST0192,Current,5,2015-07-12,Active
ACC0193,CUST0193,Savings,7,2015-07-13,Active
ACC0194,CUST0194,Fixed,4,2015-07-14,Inactive
ACC0195,CUST0195,Current,1,2015-07-15,Active
ACC0196,CUST0196,Savings,3,2015-07-16,Active
ACC0197,CUST0197,Current,5,2015-07-17,Active
ACC0198,CUST0198,Savings,3,2015-07-18,Inactive
ACC0199,CUST0199,Savings,7,2015-07-19,Inactive
ACC0200,CUST0200,Savings,9,2015-07-20,Inactive
ACC0201,CUST0201,Fixed,6,2015-07-21,Active
ACC0202,CUST0202,Savings,1,2015-07-22,Inactive
ACC0203,CUST0203,Savings,7,2015-07-23,Active
ACC0204,CUST0204,Fixed,3,2015-07-24,Active
ACC0205,CUST0205,Fixed,5,2015-07-25,Inactive
ACC0206,CUST0206,Savings,4,2015-07-26,Active
ACC0207,CUST0207,Fixed,5,2015-07-27,Inactive
ACC0208,CUST0208,Current,5,2015-07-28,Active
ACC0209,CUST0209,Current,6,2015-07-29,Inactive
ACC0210,CUST0210,Fixed,6,2015-07-30,Active
ACC0211,CUST0211,Fixed,8,2015-07-31,Active
ACC0212,CUST0212,Savings,8,2015-08-01,Active
ACC0213,CUST0213,Fixed,9,2015-08-02,Active
ACC0214,CUST0214,Savings,8,2015-08-03,Active
ACC0215,CUST0215,Current,2,2015-08-04,Inactive
ACC0216,CUST0216,Fixed,1,2015-08-05,Active
ACC0217,CUST0217,Savings,2,2015-08-06,Inactive
ACC0218,CUST0218,Savings,2,2015-08-07,Inactive
ACC0219,CUST0219,Current,3,2015-08-08,Inactive
ACC0220,CUST0220,Fixed,7,2015-08-09,Active
ACC0221,CUST0221,Current,2,2015-08-10,Active
ACC0222,CUST0222,Savings,1,2015-08-11,Active
ACC0223,CUST0223,Savings,6,2015-08-12,Inactive
ACC0224,CUST0224,Fixed,9,2015-08-13,Active
ACC0225,CUST0225,Savings,3,2015-08-14,Active
ACC0226,CUST0226,Fixed,6,2015-08-15,Inactive
ACC0227,CUST0227,Current,3,2015-08-16,Inactive
ACC0228,CUST0228,Fixed,1,2015-08-17,Inactive
ACC0229,CUST0229,Fixed,5,2015-08-18,Inactive
ACC0230,CUST0230,Savings,4,2015-08-19,Inactive
ACC0231,CUST0231,Savings,7,2015-08-20,Inactive
ACC0232,CUST0232,Fixed,6,2015-08-21,Active
ACC0233,CUST0233,Savings,7,2015-08-22,Inactive
ACC0234,CUST0234,Savings,5,2015-08-23,Active
ACC0235,CUST0235,Savings,4,2015-08-24,Active
ACC0236,CUST0236,Fixed,7,2015-08-25,Active
ACC0237,CUST0237,Savings,7,2015-08-26,Inactive
ACC0238,CUST0238,Fixed,6,2015-08-27,Active
ACC0239,CUST0239,Savings,8,2015-08-28,Inactive
ACC0240,CUST0240,Current,4,2015-08-29,Inactive
ACC0241,CUST0241,Savings,5,2015-08-30,Active
ACC0242,CUST0242,Savings,4,2015-08-31,Inactive
ACC0243,CUST0243,Fixed,1,2015-09-01,Active
ACC0244,CUST0244,Fixed,8,2015-09-02,Active
ACC0245,CUST0245,Savings,1,2015-09-03,Inactive
ACC0246,CUST0246,Current,5,2015-09-04,Active
ACC0247,CUST0247,Savings,6,2015-09-05,Active
ACC0248,CUST0248,Savings,6,2015-09-06,Active
ACC0249,CUST0249,Current,5,2015-09-07,Inactive
ACC0250,CUST0250,Fixed,3,2015-09-08,Active
ACC0251,CUST0251,Savings,5,2015-09-09,Inactive
ACC0252,CUST0252,Fixed,8,2015-09-10,Inactive
ACC0253,CUST0253,Fixed,2,2015-09-11,Active
ACC0254,CUST0254,Current,6,2015-09-12,Active
ACC0255,CUST0255,Current,9,2015-09-13,Inactive
ACC0256,CUST0256,Fixed,8,2015-09-14,Inactive
ACC0257,CUST0257,Savings,8,2015-09-15,Active
ACC0258,CUST0258,Fixed,8,2015-09-16,Active
ACC0259,CUST0259,Savings,7,2015-09-17,Inactive
ACC0260,CUST0260,Savings,8,2015-09-18,Inactive
ACC0261,CUST0261,Current,6,2015-09-19,Inactive
ACC0262,CUST0262,Savings,2,2015-09-20,Inactive
ACC0263,CUST0263,Savings,2,2015-09-21,Inactive
ACC0264,CUST0264,Fixed,8,2015-09-22,Active
ACC0265,CUST0265,Current,1,2015-09-23,Inactive
ACC0266,CUST0266,Savings,6,2015-09-24,Inactive
ACC0267,CUST0267,Savings,6,2015-09-25,Active
ACC0268,CUST0268,Current,4,2015-09-26,Active
ACC0269,CUST0269,Fixed,3,2015-09-27,Inactive
ACC0270,CUST0270,Current,3,2015-09-28,Inactive
ACC0271,CUST0271,Current,1,2015-09-29,Active
ACC0272,CUST0272,Savings,3,2015-09-30,Inactive
ACC0273,CUST0273,Savings,4,2015-10-01,Inactive
ACC0274,CUST0274,Fixed,5,2015-10-02,Active
ACC0275,CUST0275,Savings,3,2015-10-03,Inactive
ACC0276,CUST0276,Savings,6,2015-10-04,Active
ACC0277,CUST0277,Current,5,2015-10-05,Active
ACC0278,CUST0278,Savings,3,2015-10-06,Active
ACC0279,CUST0279,Fixed,6,2015-10-07,Active
ACC0280,CUST0280,Current,6,2015-10-08,Inactive
ACC0281,CUST0281,Fixed,8,2015-10-09,Active
ACC0282,CUST0282,Current,2,2015-10-10,Inactive
ACC0283,CUST0283,Savings,1,2015-10-11,Inactive
ACC0284,CUST0284,Current,4,2015-10-12,Inactive
ACC0285,CUST0285,Current,7,2015-10-13,Inactive
ACC0286,CUST0286,Savings,3,2015-10-14,Inactive
ACC0287,CUST0287,Savings,3,2015-10-15,Active
ACC0288,CUST0288,Fixed,5,2015-10-16,Active
ACC0289,CUST0289,Fixed,5,2015-10-17,Active
ACC0290,CUST0290,Savings,3,2015-10-18,Active
ACC0291,CUST0291,Savings,9,2015-10-19,Inactive
ACC0292,CUST0292,Savings,4,2015-10-20,Active
ACC0293,CUST0293,Current,3,2015-10-21,Inactive
ACC0294,CUST0294,Current,2,2015-10-22,Inactive
ACC0295,CUST0295,Current,9,2015-10-23,Active
ACC0296,CUST0296,Savings,4,2015-10-24,Active
ACC0297,CUST0297,Fixed,3,2015-10-25,Active
ACC0298,CUST0298,Savings,7,2015-10-26,Active
ACC0299,CUST0299,Current,8,2015-10-27,Inactive
ACC0300,CUST0300,Current,2,2015-10-28,Inactive
ACC0301,CUST0301,Savings,7,2015-10-29,Active
ACC0302,CUST0302,Savings,5,2015-10-30,Inactive
ACC0303,CUST0303,Current,5,2015-10-31,Inactive
ACC0304,CUST0304,Current,3,2015-11-01,Inactive
ACC0305,CUST0305,Current,5,2015-11-02,Active
ACC0306,CUST0306,Savings,2,2015-11-03,Inactive
ACC0307,CUST0307,Current,4,2015-11-04,Active
ACC0308,CUST0308,Current,6,2015-11-05,Active
ACC0309,CUST0309,Fixed,1,2015-11-06,Inactive
ACC0310,CUST0310,Savings,4,2015-11-07,Inactive
ACC0311,CUST0311,Fixed,6,2015-11-08,Active
ACC0312,CUST0312,Fixed,9,2015-11-09,Inactive
ACC0313,CUST0313,Current,2,2015-11-10,Inactive
ACC0314,CUST0314,Savings,7,2015-11-11,Active
ACC0315,CUST0315,Current,6,2015-11-12,Active
ACC0316,CUST0316,Savings,2,2015-11-13,Active
ACC0317,CUST0317,Fixed,8,2015-11-14,Active
ACC0318,CUST0318,Savings,7,2015-11-15,Inactive
ACC0319,CUST0319,Current,5,2015-11-16,Inactive
ACC0320,CUST0320,Current,5,2015-11-17,Active
ACC0321,CUST0321,Current,7,2015-11-18,Active
ACC0322,CUST0322,Savings,9,2015-11-19,Active
ACC0323,CUST0323,Fixed,9,2015-11-20,Inactive
ACC0324,CUST0324,Fixed,9,2015-11-21,Active
ACC0325,CUST0325,Savings,6,2015-11-22,Inactive
ACC0326,CUST0326,Current,6,2015-11-23,Active
ACC0327,CUST0327,Fixed,3,2015-11-24,Active
ACC0328,CUST0328,Current,1,2015-11-25,Active
ACC0329,CUST0329,Savings,7,2015-11-26,Inactive
ACC0330,CUST0330,Current,4,2015-11-27,Inactive
ACC0331,CUST0331,Fixed,1,2015-11-28,Inactive
ACC0332,CUST0332,Fixed,8,2015-11-29,Active
ACC0333,CUST0333,Current,6,2015-11-30,Inactive
ACC0334,CUST0334,Savings,6,2015-12-01,Inactive
ACC0335,CUST0335,Current,2,2015-12-02,Active
ACC0336,CUST0336,Savings,1,2015-12-03,Active
ACC0337,CUST0337,Current,2,2015-12-04,Inactive
ACC0338,CUST0338,Fixed,4,2015-12-05,Inactive
ACC0339,CUST0339,Savings,2,2015-12-06,Inactive
ACC0340,CUST0340,Savings,1,2015-12-07,Inactive
ACC0341,CUST0341,Savings,7,2015-12-08,Active
ACC0342,CUST0342,Fixed,8,2015-12-09,Active
ACC0343,CUST0343,Current,6,2015-12-10,Active
ACC0344,CUST0344,Fixed,4,2015-12-11,Inactive
ACC0345,CUST0345,Savings,6,2015-12-12,Inactive
ACC0346,CUST0346,Current,3,2015-12-13,Active
ACC0347,CUST0347,Fixed,8,2015-12-14,Active
ACC0348,CUST0348,Savings,2,2015-12-15,Inactive
ACC0349,CUST0349,Savings,5,2015-12-16,Inactive
ACC0350,CUST0350,Fixed,1,2015-12-17,Active
ACC0351,CUST0351,Fixed,6,2015-12-18,Active
ACC0352,CUST0352,Fixed,2,2015-12-19,Active
ACC0353,CUST0353,Savings,4,2015-12-20,Inactive
ACC0354,CUST0354,Fixed,6,2015-12-21,Inactive
ACC0355,CUST0355,Savings,8,2015-12-22,Inactive
ACC0356,CUST0356,Fixed,8,2015-12-23,Inactive
ACC0357,CUST0357,Savings,6,2015-12-24,Inactive
ACC0358,CUST0358,Savings,4,2015-12-25,Inactive
ACC0359,CUST0359,Current,8,2015-12-26,Active
ACC0360,CUST0360,Fixed,8,2015-12-27,Active
ACC0361,CUST0361,Fixed,1,2015-12-28,Inactive
ACC0362,CUST0362,Savings,4,2015-12-29,Active
ACC0363,CUST0363,Savings,4,2015-12-30,Inactive
ACC0364,CUST0364,Savings,7,2015-12-31,Active
ACC0365,CUST0365,Current,7,2016-01-01,Inactive
ACC0366,CUST0366,Current,8,2016-01-02,Active
ACC0367,CUST0367,Savings,5,2016-01-03,Active
ACC0368,CUST0368,Fixed,7,2016-01-04,Inactive
ACC0369,CUST0369,Fixed,8,2016-01-05,Inactive
ACC0370,CUST0370,Current,9,2016-01-06,Active
ACC0371,CUST0371,Current,3,2016-01-07,Active
ACC0372,CUST0372,Savings,3,2016-01-08,Inactive
ACC0373,CUST0373,Fixed,4,2016-01-09,Active
ACC0374,CUST0374,Savings,5,2016-01-10,Inactive
ACC0375,CUST0375,Current,1,2016-01-11,Inactive
ACC0376,CUST0376,Fixed,7,2016-01-12,Active
ACC0377,CUST0377,Fixed,9,2016-01-13,Inactive
ACC0378,CUST0378,Current,8,2016-01-14,Active
ACC0379,CUST0379,Savings,5,2016-01-15,Active
ACC0380,CUST0380,Savings,4,2016-01-16,Inactive
ACC0381,CUST0381,Fixed,7,2016-01-17,Active
ACC0382,CUST0382,Current,5,2016-01-18,Inactive
ACC0383,CUST0383,Fixed,7,2016-01-19,Inactive
ACC0384,CUST0384,Current,1,2016-01-20,Inactive
ACC0385,CUST0385,Savings,1,2016-01-21,Active
ACC0386,CUST0386,Current,3,2016-01-22,Inactive
ACC0387,CUST0387,Savings,2,2016-01-23,Active
ACC0388,CUST0388,Current,2,2016-01-24,Inactive
ACC0389,CUST0389,Fixed,7,2016-01-25,Inactive
ACC0390,CUST0390,Savings,2,2016-01-26,Inactive
ACC0391,CUST0391,Fixed,4,2016-01-27,Active
ACC0392,CUST0392,Fixed,2,2016-01-28,Active
ACC0393,CUST0393,Savings,6,2016-01-29,Inactive
ACC0394,CUST0394,Savings,8,2016-01-30,Inactive
ACC0395,CUST0395,Fixed,4,2016-01-31,Active
ACC0396,CUST0396,Fixed,5,2016-02-01,Active
ACC0397,CUST0397,Fixed,4,2016-02-02,Active
ACC0398,CUST0398,Fixed,3,2016-02-03,Inactive
ACC0399,CUST0399,Savings,5,2016-02-04,Active
ACC0400,CUST0400,Savings,9,2016-02-05,Inactive
ACC0401,CUST0401,Fixed,8,2016-02-06,Active
ACC0402,CUST0402,Current,8,2016-02-07,Inactive
ACC0403,CUST0403,Current,8,2016-02-08,Inactive
ACC0404,CUST0404,Savings,8,2016-02-09,Inactive
ACC0405,CUST0405,Fixed,7,2016-02-10,Active
ACC0406,CUST0406,Fixed,8,2016-02-11,Active
ACC0407,CUST0407,Savings,8,2016-02-12,Active
ACC0408,CUST0408,Current,8,2016-02-13,Inactive
ACC0409,CUST0409,Current,7,2016-02-14,Inactive
ACC0410,CUST0410,Current,1,2016-02-15,Active
ACC0411,CUST0411,Savings,4,2016-02-16,Inactive
ACC0412,CUST0412,Current,4,2016-02-17,Inactive
ACC0413,CUST0413,Savings,5,2016-02-18,Inactive
ACC0414,CUST0414,Savings,6,2016-02-19,Active
ACC0415,CUST0415,Fixed,4,2016-02-20,Inactive
ACC0416,CUST0416,Current,2,2016-02-21,Active
ACC0417,CUST0417,Savings,6,2016-02-22,Active
ACC0418,CUST0418,Current,8,2016-02-23,Active
ACC0419,CUST0419,Current,8,2016-02-24,Active
ACC0420,CUST0420,Fixed,7,2016-02-25,Active
ACC0421,CUST0421,Current,6,2016-02-26,Inactive
ACC0422,CUST0422,Fixed,2,2016-02-27,Active
ACC0423,CUST0423,Savings,7,2016-02-28,Active
ACC0424,CUST0424,Current,5,2016-02-29,Active
ACC0425,CUST0425,Savings,6,2016-03-01,Inactive
ACC0426,CUST0426,Current,8,2016-03-02,Inactive
ACC0427,CUST0427,Savings,8,2016-03-03,Inactive
ACC0428,CUST0428,Current,3,2016-03-04,Inactive
ACC0429,CUST0429,Current,7,2016-03-05,Active
ACC0430,CUST0430,Current,1,2016-03-06,Active
ACC0431,CUST0431,Current,1,2016-03-07,Inactive
ACC0432,CUST0432,Current,7,2016-03-08,Inactive
ACC0433,CUST0433,Current,9,2016-03-09,Inactive
ACC0434,CUST0434,Current,7,2016-03-10,Inactive
ACC0435,CUST0435,Current,5,2016-03-11,Active
ACC0436,CUST0436,Current,8,2016-03-12,Inactive
ACC0437,CUST0437,Savings,2,2016-03-13,Inactive
ACC0438,CUST0438,Fixed,9,2016-03-14,Inactive
ACC0439,CUST0439,Current,6,2016-03-15,Inactive
ACC0440,CUST0440,Fixed,9,2016-03-16,Inactive
ACC0441,CUST0441,Current,2,2016-03-17,Inactive
ACC0442,CUST0442,Current,3,2016-03-18,Inactive
ACC0443,CUST0443,Savings,8,2016-03-19,Active
ACC0444,CUST0444,Savings,1,2016-03-20,Active
ACC0445,CUST0445,Fixed,7,2016-03-21,Active
ACC0446,CUST0446,Savings,7,2016-03-22,Active
ACC0447,CUST0447,Savings,1,2016-03-23,Active
ACC0448,CUST0448,Fixed,9,2016-03-24,Active
ACC0449,CUST0449,Savings,8,2016-03-25,Inactive
ACC0450,CUST0450,Current,4,2016-03-26,Inactive
ACC0451,CUST0451,Fixed,5,2016-03-27,Active
ACC0452,CUST0452,Fixed,2,2016-03-28,Inactive
ACC0453,CUST0453,Current,9,2016-03-29,Active
ACC0454,CUST0454,Savings,6,2016-03-30,Inactive
ACC0455,CUST0455,Fixed,3,2016-03-31,Inactive
ACC0456,CUST0456,Fixed,7,2016-04-01,Inactive
ACC0457,CUST0457,Current,9,2016-04-02,Inactive
ACC0458,CUST0458,Current,3,2016-04-03,Inactive
ACC0459,CUST0459,Savings,2,2016-04-04,Inactive
ACC0460,CUST0460,Fixed,7,2016-04-05,Active
ACC0461,CUST0461,Savings,7,2016-04-06,Active
ACC0462,CUST0462,Savings,4,2016-04-07,Inactive
ACC0463,CUST0463,Current,9,2016-04-08,Active
ACC0464,CUST0464,Fixed,8,2016-04-09,Inactive
ACC0465,CUST0465,Fixed,1,2016-04-10,Active
ACC0466,CUST0466,Fixed,1,2016-04-11,Inactive
ACC0467,CUST0467,Current,5,2016-04-12,Active
ACC0468,CUST0468,Current,6,2016-04-13,Inactive
ACC0469,CUST0469,Current,3,2016-04-14,Active
ACC0470,CUST0470,Current,9,2016-04-15,Inactive
ACC0471,CUST0471,Current,6,2016-04-16,Active
ACC0472,CUST0472,Fixed,4,2016-04-17,Inactive
ACC0473,CUST0473,Savings,7,2016-04-18,Inactive
ACC0474,CUST0474,Fixed,8,2016-04-19,Inactive
ACC0475,CUST0475,Savings,9,2016-04-20,Active
ACC0476,CUST0476,Current,6,2016-04-21,Active
ACC0477,CUST0477,Savings,6,2016-04-22,Active
ACC0478,CUST0478,Fixed,8,2016-04-23,Inactive
ACC0479,CUST0479,Fixed,5,2016-04-24,Active
ACC0480,CUST0480,Savings,3,2016-04-25,Inactive
ACC0481,CUST0481,Current,3,2016-04-26,Active
ACC0482,CUST0482,Current,6,2016-04-27,Active
ACC0483,CUST0483,Fixed,2,2016-04-28,Active
ACC0484,CUST0484,Savings,6,2016-04-29,Active
ACC0485,CUST0485,Current,6,2016-04-30,Inactive
ACC0486,CUST0486,Current,8,2016-05-01,Active
ACC0487,CUST0487,Fixed,7,2016-05-02,Active
ACC0488,CUST0488,Current,8,2016-05-03,Inactive
ACC0489,CUST0489,Savings,9,2016-05-04,Inactive
ACC0490,CUST0490,Fixed,6,2016-05-05,Active
ACC0491,CUST0491,Fixed,3,2016-05-06,Active
ACC0492,CUST0492,Savings,3,2016-05-07,Inactive
ACC0493,CUST0493,Fixed,1,2016-05-08,Inactive
ACC0494,CUST0494,Current,5,2016-05-09,Inactive
ACC0495,CUST0495,Current,4,2016-05-10,Active
ACC0496,CUST0496,Savings,9,2016-05-11,Active
ACC0497,CUST0497,Current,9,2016-05-12,Active
ACC0498,CUST0498,Savings,5,2016-05-13,Inactive
ACC0499,CUST0499,Savings,4,2016-05-14,Inactive
ACC0500,CUST0500,Current,7,2016-05-15,Inactive
ACC0501,CUST0501,Savings,6,2016-05-16,Active
ACC0502,CUST0502,Current,4,2016-05-17,Inactive
ACC0503,CUST0503,Fixed,2,2016-05-18,Active
ACC0504,CUST0504,Fixed,1,2016-05-19,Inactive
ACC0505,CUST0505,Savings,4,2016-05-20,Active
ACC0506,CUST0506,Current,4,2016-05-21,Active
ACC0507,CUST0507,Current,1,2016-05-22,Inactive
ACC0508,CUST0508,Fixed,6,2016-05-23,Active
ACC0509,CUST0509,Fixed,4,2016-05-24,Inactive
ACC0510,CUST0510,Current,1,2016-05-25,Active
ACC0511,CUST0511,Savings,1,2016-05-26,Inactive
ACC0512,CUST0512,Fixed,1,2016-05-27,Inactive
ACC0513,CUST0513,Savings,8,2016-05-28,Active
ACC0514,CUST0514,Savings,8,2016-05-29,Inactive
ACC0515,CUST0515,Fixed,2,2016-05-30,Active
ACC0516,CUST0516,Savings,7,2016-05-31,Inactive
ACC0517,CUST0517,Savings,8,2016-06-01,Inactive
ACC0518,CUST0518,Current,8,2016-06-02,Inactive
ACC0519,CUST0519,Savings,7,2016-06-03,Inactive
ACC0520,CUST0520,Current,5,2016-06-04,Active
ACC0521,CUST0521,Fixed,1,2016-06-05,Inactive
ACC0522,CUST0522,Fixed,9,2016-06-06,Inactive
ACC0523,CUST0523,Current,7,2016-06-07,Active
ACC0524,CUST0524,Fixed,2,2016-06-08,Active
ACC0525,CUST0525,Savings,6,2016-06-09,Active
ACC0526,CUST0526,Savings,2,2016-06-10,Active
ACC0527,CUST0527,Savings,1,2016-06-11,Active
ACC0528,CUST0528,Fixed,7,2016-06-12,Active
ACC0529,CUST0529,Savings,2,2016-06-13,Inactive
ACC0530,CUST0530,Fixed,2,2016-06-14,Active
ACC0531,CUST0531,Savings,5,2016-06-15,Inactive
ACC0532,CUST0532,Current,5,2016-06-16,Active
ACC0533,CUST0533,Fixed,7,2016-06-17,Inactive
ACC0534,CUST0534,Fixed,1,2016-06-18,Inactive
ACC0535,CUST0535,Savings,8,2016-06-19,Inactive
ACC0536,CUST0536,Fixed,3,2016-06-20,Active
ACC0537,CUST0537,Fixed,4,2016-06-21,Active
ACC0538,CUST0538,Current,9,2016-06-22,Active
ACC0539,CUST0539,Current,4,2016-06-23,Active
ACC0540,CUST0540,Savings,5,2016-06-24,Inactive
ACC0541,CUST0541,Current,7,2016-06-25,Active
ACC0542,CUST0542,Savings,4,2016-06-26,Inactive
ACC0543,CUST0543,Savings,1,2016-06-27,Inactive
ACC0544,CUST0544,Savings,9,2016-06-28,Active
ACC0545,CUST0545,Fixed,4,2016-06-29,Active
ACC0546,CUST0546,Current,9,2016-06-30,Active
ACC0547,CUST0547,Savings,6,2016-07-01,Inactive
ACC0548,CUST0548,Current,1,2016-07-02,Active
ACC0549,CUST0549,Savings,3,2016-07-03,Inactive
ACC0550,CUST0550,Current,2,2016-07-04,Active
ACC0551,CUST0551,Current,9,2016-07-05,Inactive
ACC0552,CUST0552,Savings,1,2016-07-06,Active
ACC0553,CUST0553,Fixed,9,2016-07-07,Active
ACC0554,CUST0554,Current,9,2016-07-08,Inactive
ACC0555,CUST0555,Fixed,8,2016-07-09,Active
ACC0556,CUST0556,Fixed,8,2016-07-10,Active
ACC0557,CUST0557,Savings,1,2016-07-11,Active
ACC0558,CUST0558,Savings,8,2016-07-12,Active
ACC0559,CUST0559,Savings,3,2016-07-13,Active
ACC0560,CUST0560,Current,7,2016-07-14,Active
ACC0561,CUST0561,Savings,1,2016-07-15,Active
ACC0562,CUST0562,Savings,1,2016-07-16,Inactive
ACC0563,CUST0563,Current,5,2016-07-17,Inactive
ACC0564,CUST0564,Current,5,2016-07-18,Active
ACC0565,CUST0565,Savings,8,2016-07-19,Active
ACC0566,CUST0566,Savings,7,2016-07-20,Active
ACC0567,CUST0567,Savings,8,2016-07-21,Inactive
ACC0568,CUST0568,Savings,6,2016-07-22,Inactive
ACC0569,CUST0569,Fixed,6,2016-07-23,Active
ACC0570,CUST0570,Fixed,2,2016-07-24,Inactive
ACC0571,CUST0571,Savings,6,2016-07-25,Active
ACC0572,CUST0572,Fixed,5,2016-07-26,Active
ACC0573,CUST0573,Current,3,2016-07-27,Active
ACC0574,CUST0574,Fixed,6,2016-07-28,Active
ACC0575,CUST0575,Fixed,8,2016-07-29,Inactive
ACC0576,CUST0576,Savings,9,2016-07-30,Inactive
ACC0577,CUST0577,Fixed,1,2016-07-31,Active
ACC0578,CUST0578,Fixed,3,2016-08-01,Inactive
ACC0579,CUST0579,Fixed,3,2016-08-02,Inactive
ACC0580,CUST0580,Fixed,8,2016-08-03,Active
ACC0581,CUST0581,Current,1,2016-08-04,Inactive
ACC0582,CUST0582,Savings,5,2016-08-05,Active
ACC0583,CUST0583,Savings,3,2016-08-06,Active
ACC0584,CUST0584,Current,2,2016-08-07,Active
ACC0585,CUST0585,Fixed,8,2016-08-08,Active
ACC0586,CUST0586,Current,3,2016-08-09,Inactive
ACC0587,CUST0587,Fixed,7,2016-08-10,Active
ACC0588,CUST0588,Current,1,2016-08-11,Inactive
ACC0589,CUST0589,Savings,6,2016-08-12,Active
ACC0590,CUST0590,Savings,3,2016-08-13,Active
ACC0591,CUST0591,Savings,8,2016-08-14,Inactive
ACC0592,CUST0592,Fixed,6,2016-08-15,Active
ACC0593,CUST0593,Fixed,2,2016-08-16,Inactive
ACC0594,CUST0594,Current,6,2016-08-17,Inactive
ACC0595,CUST0595,Current,7,2016-08-18,Active
ACC0596,CUST0596,Savings,5,2016-08-19,Active
ACC0597,CUST0597,Fixed,3,2016-08-20,Active
ACC0598,CUST0598,Current,4,2016-08-21,Active
ACC0599,CUST0599,Fixed,4,2016-08-22,Active
ACC0600,CUST0600,Fixed,6,2016-08-23,Active
ACC0601,CUST0601,Savings,1,2016-08-24,Inactive
ACC0602,CUST0602,Savings,4,2016-08-25,Inactive
ACC0603,CUST0603,Fixed,4,2016-08-26,Active
ACC0604,CUST0604,Fixed,1,2016-08-27,Inactive
ACC0605,CUST0605,Fixed,9,2016-08-28,Inactive
ACC0606,CUST0606,Fixed,4,2016-08-29,Active
ACC0607,CUST0607,Savings,7,2016-08-30,Active
ACC0608,CUST0608,Current,3,2016-08-31,Inactive
ACC0609,CUST0609,Savings,3,2016-09-01,Active
ACC0610,CUST0610,Current,8,2016-09-02,Inactive
ACC0611,CUST0611,Fixed,8,2016-09-03,Active
ACC0612,CUST0612,Current,1,2016-09-04,Inactive
ACC0613,CUST0613,Savings,2,2016-09-05,Inactive
ACC0614,CUST0614,Savings,8,2016-09-06,Inactive
ACC0615,CUST0615,Fixed,1,2016-09-07,Inactive
ACC0616,CUST0616,Savings,8,2016-09-08,Active
ACC0617,CUST0617,Fixed,8,2016-09-09,Active
ACC0618,CUST0618,Savings,2,2016-09-10,Inactive
ACC0619,CUST0619,Savings,4,2016-09-11,Inactive
ACC0620,CUST0620,Fixed,6,2016-09-12,Active
ACC0621,CUST0621,Current,9,2016-09-13,Active
ACC0622,CUST0622,Savings,8,2016-09-14,Inactive
ACC0623,CUST0623,Current,8,2016-09-15,Inactive
ACC0624,CUST0624,Savings,7,2016-09-16,Inactive
ACC0625,CUST0625,Savings,9,2016-09-17,Inactive
ACC0626,CUST0626,Savings,2,2016-09-18,Inactive
ACC0627,CUST0627,Savings,3,2016-09-19,Active
ACC0628,CUST0628,Current,8,2016-09-20,Inactive
ACC0629,CUST0629,Current,6,2016-09-21,Active
ACC0630,CUST0630,Savings,9,2016-09-22,Active
ACC0631,CUST0631,Savings,4,2016-09-23,Active
ACC0632,CUST0632,Current,8,2016-09-24,Inactive
ACC0633,CUST0633,Fixed,3,2016-09-25,Active
ACC0634,CUST0634,Fixed,3,2016-09-26,Active
ACC0635,CUST0635,Current,8,2016-09-27,Active
ACC0636,CUST0636,Savings,5,2016-09-28,Active
ACC0637,CUST0637,Savings,3,2016-09-29,Inactive
ACC0638,CUST0638,Fixed,1,2016-09-30,Inactive
ACC0639,CUST0639,Fixed,3,2016-10-01,Active
ACC0640,CUST0640,Current,9,2016-10-02,Active
ACC0641,CUST0641,Fixed,5,2016-10-03,Inactive
ACC0642,CUST0642,Current,2,2016-10-04,Inactive
ACC0643,CUST0643,Fixed,7,2016-10-05,Inactive
ACC0644,CUST0644,Fixed,2,2016-10-06,Active
ACC0645,CUST0645,Fixed,4,2016-10-07,Inactive
ACC0646,CUST0646,Savings,7,2016-10-08,Active
ACC0647,CUST0647,Savings,4,2016-10-09,Active
ACC0648,CUST0648,Savings,7,2016-10-10,Inactive
ACC0649,CUST0649,Fixed,7,2016-10-11,Active
ACC0650,CUST0650,Current,1,2016-10-12,Inactive
ACC0651,CUST0651,Current,6,2016-10-13,Active
ACC0652,CUST0652,Current,9,2016-10-14,Inactive
ACC0653,CUST0653,Current,2,2016-10-15,Active
ACC0654,CUST0654,Savings,3,2016-10-16,Active
ACC0655,CUST0655,Savings,5,2016-10-17,Inactive
ACC0656,CUST0656,Fixed,9,2016-10-18,Inactive
ACC0657,CUST0657,Fixed,4,2016-10-19,Inactive
ACC0658,CUST0658,Current,1,2016-10-20,Inactive
ACC0659,CUST0659,Savings,4,2016-10-21,Active
ACC0660,CUST0660,Current,6,2016-10-22,Inactive
ACC0661,CUST0661,Fixed,5,2016-10-23,Inactive
ACC0662,CUST0662,Fixed,1,2016-10-24,Active
ACC0663,CUST0663,Current,4,2016-10-25,Inactive
ACC0664,CUST0664,Fixed,6,2016-10-26,Inactive
ACC0665,CUST0665,Current,4,2016-10-27,Active
ACC0666,CUST0666,Savings,9,2016-10-28,Inactive
ACC0667,CUST0667,Current,5,2016-10-29,Inactive
ACC0668,CUST0668,Savings,8,2016-10-30,Inactive
ACC0669,CUST0669,Savings,9,2016-10-31,Inactive
ACC0670,CUST0670,Fixed,5,2016-11-01,Inactive
ACC0671,CUST0671,Fixed,6,2016-11-02,Inactive
ACC0672,CUST0672,Fixed,1,2016-11-03,Active
ACC0673,CUST0673,Current,7,2016-11-04,Inactive
ACC0674,CUST0674,Current,4,2016-11-05,Active
ACC0675,CUST0675,Fixed,2,2016-11-06,Active
ACC0676,CUST0676,Current,5,2016-11-07,Active
ACC0677,CUST0677,Fixed,3,2016-11-08,Active
ACC0678,CUST0678,Current,6,2016-11-09,Inactive
ACC0679,CUST0679,Savings,8,2016-11-10,Inactive
ACC0680,CUST0680,Savings,7,2016-11-11,Inactive
ACC0681,CUST0681,Fixed,3,2016-11-12,Active
ACC0682,CUST0682,Current,8,2016-11-13,Inactive
ACC0683,CUST0683,Current,2,2016-11-14,Inactive
ACC0684,CUST0684,Savings,9,2016-11-15,Inactive
ACC0685,CUST0685,Savings,4,2016-11-16,Active
ACC0686,CUST0686,Fixed,1,2016-11-17,Active
ACC0687,CUST0687,Savings,8,2016-11-18,Inactive
ACC0688,CUST0688,Fixed,7,2016-11-19,Active
ACC0689,CUST0689,Savings,5,2016-11-20,Active
ACC0690,CUST0690,Savings,5,2016-11-21,Inactive
ACC0691,CUST0691,Current,7,2016-11-22,Active
ACC0692,CUST0692,Savings,5,2016-11-23,Active
ACC0693,CUST0693,Savings,8,2016-11-24,Inactive
ACC0694,CUST0694,Fixed,6,2016-11-25,Active
ACC0695,CUST0695,Savings,5,2016-11-26,Active
ACC0696,CUST0696,Fixed,9,2016-11-27,Active
ACC0697,CUST0697,Savings,2,2016-11-28,Active
ACC0698,CUST0698,Savings,1,2016-11-29,Active
ACC0699,CUST0699,Fixed,8,2016-11-30,Active
ACC0700,CUST0700,Current,3,2016-12-01,Active
ACC0701,CUST0701,Fixed,7,2016-12-02,Active
ACC0702,CUST0702,Fixed,8,2016-12-03,Inactive
ACC0703,CUST0703,Fixed,6,2016-12-04,Inactive
ACC0704,CUST0704,Current,9,2016-12-05,Inactive
ACC0705,CUST0705,Savings,7,2016-12-06,Inactive
ACC0706,CUST0706,Fixed,5,2016-12-07,Active
ACC0707,CUST0707,Fixed,8,2016-12-08,Inactive
ACC0708,CUST0708,Current,2,2016-12-09,Inactive
ACC0709,CUST0709,Fixed,7,2016-12-10,Active
ACC0710,CUST0710,Savings,4,2016-12-11,Active
ACC0711,CUST0711,Current,9,2016-12-12,Active
ACC0712,CUST0712,Savings,1,2016-12-13,Active
ACC0713,CUST0713,Savings,7,2016-12-14,Active
ACC0714,CUST0714,Current,6,2016-12-15,Inactive
ACC0715,CUST0715,Fixed,8,2016-12-16,Active
ACC0716,CUST0716,Savings,5,2016-12-17,Inactive
ACC0717,CUST0717,Savings,1,2016-12-18,Inactive
ACC0718,CUST0718,Savings,1,2016-12-19,Active
ACC0719,CUST0719,Savings,9,2016-12-20,Inactive
ACC0720,CUST0720,Current,6,2016-12-21,Inactive
ACC0721,CUST0721,Current,5,2016-12-22,Active
ACC0722,CUST0722,Savings,1,2016-12-23,Inactive
ACC0723,CUST0723,Fixed,6,2016-12-24,Inactive
ACC0724,CUST0724,Savings,6,2016-12-25,Inactive
ACC0725,CUST0725,Fixed,3,2016-12-26,Active
ACC0726,CUST0726,Savings,8,2016-12-27,Active
ACC0727,CUST0727,Fixed,1,2016-12-28,Active
ACC0728,CUST0728,Savings,1,2016-12-29,Inactive
ACC0729,CUST0729,Fixed,6,2016-12-30,Active
ACC0730,CUST0730,Savings,1,2016-12-31,Inactive
ACC0731,CUST0731,Savings,6,2017-01-01,Active
ACC0732,CUST0732,Fixed,1,2017-01-02,Inactive
ACC0733,CUST0733,Current,6,2017-01-03,Active
ACC0734,CUST0734,Fixed,3,2017-01-04,Active
ACC0735,CUST0735,Current,8,2017-01-05,Inactive
ACC0736,CUST0736,Savings,6,2017-01-06,Active
ACC0737,CUST0737,Fixed,1,2017-01-07,Inactive
ACC0738,CUST0738,Fixed,5,2017-01-08,Active
ACC0739,CUST0739,Fixed,8,2017-01-09,Active
ACC0740,CUST0740,Current,3,2017-01-10,Inactive
ACC0741,CUST0741,Current,6,2017-01-11,Inactive
ACC0742,CUST0742,Savings,5,2017-01-12,Inactive
ACC0743,CUST0743,Current,6,2017-01-13,Active
ACC0744,CUST0744,Current,1,2017-01-14,Inactive
ACC0745,CUST0745,Savings,7,2017-01-15,Active
ACC0746,CUST0746,Fixed,9,2017-01-16,Inactive
ACC0747,CUST0747,Fixed,2,2017-01-17,Inactive
ACC0748,CUST0748,Savings,5,2017-01-18,Inactive
ACC0749,CUST0749,Fixed,4,2017-01-19,Inactive
ACC0750,CUST0750,Current,6,2017-01-20,Inactive
ACC0751,CUST0751,Savings,6,2017-01-21,Inactive
ACC0752,CUST0752,Savings,2,2017-01-22,Active
ACC0753,CUST0753,Savings,2,2017-01-23,Inactive
ACC0754,CUST0754,Fixed,4,2017-01-24,Active
ACC0755,CUST0755,Savings,1,2017-01-25,Inactive
ACC0756,CUST0756,Savings,9,2017-01-26,Inactive
ACC0757,CUST0757,Savings,7,2017-01-27,Inactive
ACC0758,CUST0758,Fixed,7,2017-01-28,Active
ACC0759,CUST0759,Current,3,2017-01-29,Active
ACC0760,CUST0760,Savings,3,2017-01-30,Inactive
ACC0761,CUST0761,Current,1,2017-01-31,Active
ACC0762,CUST0762,Fixed,3,2017-02-01,Inactive
ACC0763,CUST0763,Fixed,3,2017-02-02,Inactive
ACC0764,CUST0764,Fixed,4,2017-02-03,Active
ACC0765,CUST0765,Fixed,4,2017-02-04,Active
ACC0766,CUST0766,Current,3,2017-02-05,Active
ACC0767,CUST0767,Savings,8,2017-02-06,Active
ACC0768,CUST0768,Fixed,8,2017-02-07,Inactive
ACC0769,CUST0769,Fixed,1,2017-02-08,Active
ACC0770,CUST0770,Current,7,2017-02-09,Active
ACC0771,CUST0771,Current,2,2017-02-10,Inactive
ACC0772,CUST0772,Fixed,1,2017-02-11,Active
ACC0773,CUST0773,Savings,3,2017-02-12,Active
ACC0774,CUST0774,Savings,4,2017-02-13,Active
ACC0775,CUST0775,Fixed,6,2017-02-14,Active
ACC0776,CUST0776,Current,5,2017-02-15,Inactive
ACC0777,CUST0777,Fixed,4,2017-02-16,Inactive
ACC0778,CUST0778,Fixed,8,2017-02-17,Active
ACC0779,CUST0779,Current,4,2017-02-18,Active
ACC0780,CUST0780,Fixed,2,2017-02-19,Inactive
ACC0781,CUST0781,Fixed,3,2017-02-20,Active
ACC0782,CUST0782,Fixed,6,2017-02-21,Active
ACC0783,CUST0783,Current,8,2017-02-22,Active
ACC0784,CUST0784,Savings,8,2017-02-23,Active
ACC0785,CUST0785,Savings,9,2017-02-24,Active
ACC0786,CUST0786,Current,7,2017-02-25,Active
ACC0787,CUST0787,Savings,2,2017-02-26,Active
ACC0788,CUST0788,Fixed,8,2017-02-27,Active
ACC0789,CUST0789,Savings,7,2017-02-28,Active
ACC0790,CUST0790,Fixed,8,2017-03-01,Inactive
ACC0791,CUST0791,Savings,3,2017-03-02,Inactive
ACC0792,CUST0792,Current,7,2017-03-03,Inactive
ACC0793,CUST0793,Savings,9,2017-03-04,Active
ACC0794,CUST0794,Savings,3,2017-03-05,Active
ACC0795,CUST0795,Savings,6,2017-03-06,Inactive
ACC0796,CUST0796,Current,2,2017-03-07,Active
ACC0797,CUST0797,Savings,2,2017-03-08,Inactive
ACC0798,CUST0798,Current,5,2017-03-09,Active
ACC0799,CUST0799,Fixed,5,2017-03-10,Inactive
ACC0800,CUST0800,Savings,7,2017-03-11,Inactive
ACC0801,CUST0801,Current,2,2017-03-12,Inactive
ACC0802,CUST0802,Current,7,2017-03-13,Active
ACC0803,CUST0803,Savings,5,2017-03-14,Inactive
ACC0804,CUST0804,Fixed,6,2017-03-15,Active
ACC0805,CUST0805,Current,8,2017-03-16,Active
ACC0806,CUST0806,Savings,4,2017-03-17,Active
ACC0807,CUST0807,Fixed,7,2017-03-18,Active
ACC0808,CUST0808,Current,6,2017-03-19,Active
ACC0809,CUST0809,Current,2,2017-03-20,Active
ACC0810,CUST0810,Fixed,8,2017-03-21,Active
ACC0811,CUST0811,Fixed,9,2017-03-22,Inactive
ACC0812,CUST0812,Savings,5,2017-03-23,Inactive
ACC0813,CUST0813,Savings,4,2017-03-24,Inactive
ACC0814,CUST0814,Current,6,2017-03-25,Active
ACC0815,CUST0815,Fixed,8,2017-03-26,Active
ACC0816,CUST0816,Fixed,3,2017-03-27,Active
ACC0817,CUST0817,Fixed,1,2017-03-28,Active
ACC0818,CUST0818,Current,4,2017-03-29,Inactive
ACC0819,CUST0819,Fixed,4,2017-03-30,Active
ACC0820,CUST0820,Fixed,1,2017-03-31,Inactive
ACC0821,CUST0821,Current,9,2017-04-01,Active
ACC0822,CUST0822,Savings,3,2017-04-02,Inactive
ACC0823,CUST0823,Savings,5,2017-04-03,Active
ACC0824,CUST0824,Current,6,2017-04-04,Inactive
ACC0825,CUST0825,Fixed,8,2017-04-05,Active
ACC0826,CUST0826,Current,6,2017-04-06,Inactive
ACC0827,CUST0827,Savings,3,2017-04-07,Active
ACC0828,CUST0828,Savings,6,2017-04-08,Inactive
ACC0829,CUST0829,Current,1,2017-04-09,Inactive
ACC0830,CUST0830,Current,4,2017-04-10,Active
ACC0831,CUST0831,Savings,6,2017-04-11,Inactive
ACC0832,CUST0832,Current,7,2017-04-12,Active
ACC0833,CUST0833,Savings,3,2017-04-13,Active
ACC0834,CUST0834,Current,9,2017-04-14,Active
ACC0835,CUST0835,Current,7,2017-04-15,Inactive
ACC0836,CUST0836,Current,1,2017-04-16,Inactive
ACC0837,CUST0837,Savings,2,2017-04-17,Active
ACC0838,CUST0838,Current,1,2017-04-18,Active
ACC0839,CUST0839,Savings,9,2017-04-19,Inactive
ACC0840,CUST0840,Savings,9,2017-04-20,Inactive
ACC0841,CUST0841,Current,7,2017-04-21,Inactive
ACC0842,CUST0842,Current,3,2017-04-22,Active
ACC0843,CUST0843,Savings,5,2017-04-23,Active
ACC0844,CUST0844,Savings,4,2017-04-24,Active
ACC0845,CUST0845,Fixed,7,2017-04-25,Active
ACC0846,CUST0846,Savings,9,2017-04-26,Active
ACC0847,CUST0847,Fixed,2,2017-04-27,Inactive
ACC0848,CUST0848,Fixed,8,2017-04-28,Active
ACC0849,CUST0849,Fixed,9,2017-04-29,Inactive
ACC0850,CUST0850,Current,9,2017-04-30,Inactive
ACC0851,CUST0851,Current,7,2017-05-01,Active
ACC0852,CUST0852,Savings,9,2017-05-02,Inactive
ACC0853,CUST0853,Fixed,9,2017-05-03,Active
ACC0854,CUST0854,Current,3,2017-05-04,Inactive
ACC0855,CUST0855,Current,4,2017-05-05,Active
ACC0856,CUST0856,Current,2,2017-05-06,Active
ACC0857,CUST0857,Current,3,2017-05-07,Inactive
ACC0858,CUST0858,Current,5,2017-05-08,Active
ACC0859,CUST0859,Fixed,5,2017-05-09,Inactive
ACC0860,CUST0860,Fixed,6,2017-05-10,Active
ACC0861,CUST0861,Fixed,7,2017-05-11,Active
ACC0862,CUST0862,Fixed,7,2017-05-12,Active
ACC0863,CUST0863,Savings,1,2017-05-13,Inactive
ACC0864,CUST0864,Fixed,2,2017-05-14,Inactive
ACC0865,CUST0865,Current,9,2017-05-15,Active
ACC0866,CUST0866,Fixed,2,2017-05-16,Inactive
ACC0867,CUST0867,Savings,6,2017-05-17,Active
ACC0868,CUST0868,Current,1,2017-05-18,Inactive
ACC0869,CUST0869,Fixed,3,2017-05-19,Inactive
ACC0870,CUST0870,Fixed,2,2017-05-20,Active
ACC0871,CUST0871,Fixed,3,2017-05-21,Active
ACC0872,CUST0872,Current,5,2017-05-22,Active
ACC0873,CUST0873,Current,6,2017-05-23,Active
ACC0874,CUST0874,Savings,9,2017-05-24,Active
ACC0875,CUST0875,Current,4,2017-05-25,Inactive
ACC0876,CUST0876,Current,7,2017-05-26,Inactive
ACC0877,CUST0877,Fixed,6,2017-05-27,Active
ACC0878,CUST0878,Current,2,2017-05-28,Active
ACC0879,CUST0879,Fixed,8,2017-05-29,Active
ACC0880,CUST0880,Fixed,7,2017-05-30,Inactive
ACC0881,CUST0881,Current,7,2017-05-31,Active
ACC0882,CUST0882,Savings,8,2017-06-01,Active
ACC0883,CUST0883,Savings,1,2017-06-02,Inactive
ACC0884,CUST0884,Current,1,2017-06-03,Inactive
ACC0885,CUST0885,Savings,8,2017-06-04,Inactive
ACC0886,CUST0886,Fixed,4,2017-06-05,Inactive
ACC0887,CUST0887,Fixed,5,2017-06-06,Active
ACC0888,CUST0888,Current,8,2017-06-07,Inactive
ACC0889,CUST0889,Savings,5,2017-06-08,Inactive
ACC0890,CUST0890,Savings,4,2017-06-09,Active
ACC0891,CUST0891,Fixed,6,2017-06-10,Active
ACC0892,CUST0892,Current,5,2017-06-11,Active
ACC0893,CUST0893,Savings,7,2017-06-12,Inactive
ACC0894,CUST0894,Current,7,2017-06-13,Active
ACC0895,CUST0895,Savings,4,2017-06-14,Inactive
ACC0896,CUST0896,Fixed,5,2017-06-15,Inactive
ACC0897,CUST0897,Fixed,3,2017-06-16,Inactive
ACC0898,CUST0898,Current,4,2017-06-17,Active
ACC0899,CUST0899,Fixed,4,2017-06-18,Inactive
ACC0900,CUST0900,Savings,3,2017-06-19,Active
ACC0901,CUST0901,Fixed,5,2017-06-20,Active
ACC0902,CUST0902,Current,5,2017-06-21,Active
ACC0903,CUST0903,Current,7,2017-06-22,Inactive
ACC0904,CUST0904,Current,4,2017-06-23,Inactive
ACC0905,CUST0905,Savings,4,2017-06-24,Inactive
ACC0906,CUST0906,Savings,9,2017-06-25,Active
ACC0907,CUST0907,Savings,6,2017-06-26,Inactive
ACC0908,CUST0908,Savings,4,2017-06-27,Inactive
ACC0909,CUST0909,Savings,2,2017-06-28,Inactive
ACC0910,CUST0910,Fixed,6,2017-06-29,Inactive
ACC0911,CUST0911,Savings,2,2017-06-30,Inactive
ACC0912,CUST0912,Savings,5,2017-07-01,Active
ACC0913,CUST0913,Fixed,6,2017-07-02,Active
ACC0914,CUST0914,Savings,4,2017-07-03,Active
ACC0915,CUST0915,Current,3,2017-07-04,Active
ACC0916,CUST0916,Savings,7,2017-07-05,Inactive
ACC0917,CUST0917,Savings,2,2017-07-06,Active
ACC0918,CUST0918,Current,6,2017-07-07,Inactive
ACC0919,CUST0919,Current,4,2017-07-08,Active
ACC0920,CUST0920,Current,6,2017-07-09,Active
ACC0921,CUST0921,Current,4,2017-07-10,Active
ACC0922,CUST0922,Savings,4,2017-07-11,Inactive
ACC0923,CUST0923,Current,4,2017-07-12,Inactive
ACC0924,CUST0924,Current,9,2017-07-13,Active
ACC0925,CUST0925,Fixed,7,2017-07-14,Inactive
ACC0926,CUST0926,Current,3,2017-07-15,Active
ACC0927,CUST0927,Current,3,2017-07-16,Active
ACC0928,CUST0928,Fixed,6,2017-07-17,Active
ACC0929,CUST0929,Fixed,6,2017-07-18,Inactive
ACC0930,CUST0930,Savings,4,2017-07-19,Active
ACC0931,CUST0931,Fixed,9,2017-07-20,Active
ACC0932,CUST0932,Savings,4,2017-07-21,Active
ACC0933,CUST0933,Fixed,9,2017-07-22,Inactive
ACC0934,CUST0934,Fixed,4,2017-07-23,Active
ACC0935,CUST0935,Savings,2,2017-07-24,Inactive
ACC0936,CUST0936,Fixed,2,2017-07-25,Active
ACC0937,CUST0937,Savings,5,2017-07-26,Inactive
ACC0938,CUST0938,Fixed,4,2017-07-27,Active
ACC0939,CUST0939,Current,7,2017-07-28,Active
ACC0940,CUST0940,Fixed,5,2017-07-29,Inactive
ACC0941,CUST0941,Savings,6,2017-07-30,Inactive
ACC0942,CUST0942,Fixed,4,2017-07-31,Active
ACC0943,CUST0943,Savings,2,2017-08-01,Inactive
ACC0944,CUST0944,Savings,9,2017-08-02,Active
ACC0945,CUST0945,Current,7,2017-08-03,Active
ACC0946,CUST0946,Current,4,2017-08-04,Active
ACC0947,CUST0947,Savings,3,2017-08-05,Inactive
ACC0948,CUST0948,Fixed,3,2017-08-06,Active
ACC0949,CUST0949,Savings,9,2017-08-07,Inactive
ACC0950,CUST0950,Savings,5,2017-08-08,Active
ACC0951,CUST0951,Fixed,3,2017-08-09,Inactive
ACC0952,CUST0952,Fixed,5,2017-08-10,Inactive
ACC0953,CUST0953,Fixed,2,2017-08-11,Active
ACC0954,CUST0954,Fixed,4,2017-08-12,Inactive
ACC0955,CUST0955,Savings,2,2017-08-13,Active
ACC0956,CUST0956,Savings,2,2017-08-14,Active
ACC0957,CUST0957,Current,8,2017-08-15,Active
ACC0958,CUST0958,Savings,1,2017-08-16,Active
ACC0959,CUST0959,Fixed,7,2017-08-17,Active
ACC0960,CUST0960,Current,5,2017-08-18,Inactive
ACC0961,CUST0961,Fixed,8,2017-08-19,Active
ACC0962,CUST0962,Savings,1,2017-08-20,Inactive
ACC0963,CUST0963,Current,7,2017-08-21,Inactive
ACC0964,CUST0964,Fixed,5,2017-08-22,Active
ACC0965,CUST0965,Current,4,2017-08-23,Inactive
ACC0966,CUST0966,Current,7,2017-08-24,Active
ACC0967,CUST0967,Savings,2,2017-08-25,Inactive
ACC0968,CUST0968,Fixed,1,2017-08-26,Inactive
ACC0969,CUST0969,Current,1,2017-08-27,Inactive
ACC0970,CUST0970,Current,1,2017-08-28,Active
ACC0971,CUST0971,Fixed,5,2017-08-29,Inactive
ACC0972,CUST0972,Current,7,2017-08-30,Active
ACC0973,CUST0973,Current,2,2017-08-31,Inactive
ACC0974,CUST0974,Current,8,2017-09-01,Inactive
ACC0975,CUST0975,Fixed,4,2017-09-02,Inactive
ACC0976,CUST0976,Fixed,3,2017-09-03,Inactive
ACC0977,CUST0977,Fixed,8,2017-09-04,Active
ACC0978,CUST0978,Fixed,2,2017-09-05,Active
ACC0979,CUST0979,Savings,3,2017-09-06,Inactive
ACC0980,CUST0980,Current,3,2017-09-07,Inactive
ACC0981,CUST0981,Fixed,1,2017-09-08,Active
ACC0982,CUST0982,Current,6,2017-09-09,Active
ACC0983,CUST0983,Current,2,2017-09-10,Active
ACC0984,CUST0984,Savings,1,2017-09-11,Active
ACC0985,CUST0985,Fixed,2,2017-09-12,Inactive
ACC0986,CUST0986,Fixed,6,2017-09-13,Inactive
ACC0987,CUST0987,Current,4,2017-09-14,Active
ACC0988,CUST0988,Fixed,6,2017-09-15,Active
ACC0989,CUST0989,Current,9,2017-09-16,Active
ACC0990,CUST0990,Current,8,2017-09-17,Active
ACC0991,CUST0991,Savings,1,2017-09-18,Active
ACC0992,CUST0992,Savings,8,2017-09-19,Active
ACC0993,CUST0993,Savings,9,2017-09-20,Inactive
ACC0994,CUST0994,Current,6,2017-09-21,Inactive
ACC0995,CUST0995,Fixed,5,2017-09-22,Inactive
ACC0996,CUST0996,Savings,6,2017-09-23,Active
ACC0997,CUST0997,Fixed,6,2017-09-24,Active
ACC0998,CUST0998,Savings,9,2017-09-25,Active
ACC0999,CUST0999,Savings,4,2017-09-26,Inactive
