CustomerID,Age,Gender,Income,Geography,Occupation,Phone,Email
CUST0000,56,Male,65648,Spain,Dance movement psychotherapist,(376)562-9071x91060,fishertasha@jensen.com
CUST0001,69,Male,29516,Spain,Site engineer,(191)820-2788,bdavis@gmail.com
CUST0002,46,Male,22396,Spain,Land/geomatics surveyor,735-251-3164x8933,jeremycarey@macdonald.com
CUST0003,32,Female,104082,Spain,"Buyer, retail",443.344.5411,clayrodney@gmail.com
CUST0004,60,Male,39129,Spain,"Designer, graphic",539-337-0117x2456,snowryan@gmail.com
CUST0005,25,Male,21591,Spain,Futures trader,106-757-3741x18115,janet94@porter.org
CUST0006,38,Male,31303,Germany,"Producer, television/film/video",9500027191,selena33@gmail.com
CUST0007,56,Female,50561,France,Interpreter,625-480-1212,mcneiljoe@strickland-johnson.com
CUST0008,36,Female,91719,France,Consulting civil engineer,173-754-5804,douglas25@yahoo.com
CUST0009,40,Male,112108,Germany,Administrator,001-569-138-9327x868,nkeller@martin.com
CUST0010,28,Male,119616,Germany,"Radiographer, diagnostic",971.800.4922,patrickgerald@baker.com
CUST0011,28,Male,106231,Germany,"Engineer, materials",7309219971,garywhitehead@murphy.com
CUST0012,41,Male,27314,Germany,"Surveyor, mining",099.894.8996x579,christopher69@adkins.com
CUST0013,53,Female,39623,Spain,"Teacher, music",105.008.4414x6637,louisrichmond@gmail.com
CUST0014,57,Female,87675,France,Records manager,876-279-2759x9079,christie89@gmail.com
CUST0015,41,Female,116826,Spain,Agricultural consultant,579-854-3481,yrocha@yahoo.com
CUST0016,20,Female,85082,France,Tourist information centre manager,729.052.0421x311,jessica07@hotmail.com
CUST0017,39,Male,103624,France,Chiropodist,7740342130,kwalters@yahoo.com
CUST0018,19,Male,53130,Germany,"Conservation officer, nature",(233)161-9592x44342,michelle52@yahoo.com
CUST0019,41,Male,71756,Spain,Waste management officer,935-823-9135x8684,rscott@ellison-randolph.biz
CUST0020,61,Female,117624,Germany,IT consultant,001-048-801-0018x67600,xmcfarland@diaz.biz
CUST0021,47,Male,46292,Spain,Aid worker,912-278-5305,duncanjesus@hotmail.com
CUST0022,55,Female,106206,France,Comptroller,(056)360-2329,mckenziecollins@gmail.com
CUST0023,19,Female,89274,Germany,Medical laboratory scientific officer,016-219-7029x86493,juliewhite@rogers.com
CUST0024,38,Male,22469,Germany,Pathologist,+1-144-539-5546x53606,lowedominique@hotmail.com
CUST0025,50,Male,73947,France,"Exhibitions officer, museum/gallery",+1-596-836-1403x62366,timothyross@garcia.com
CUST0026,29,Male,42534,France,Holiday representative,+1-888-366-2726x614,ystephens@holmes-fitzpatrick.com
CUST0027,39,Female,83620,France,Special effects artist,001-251-532-4683,leblancjennifer@bowers.com
CUST0028,61,Male,68874,Germany,Tree surgeon,0228506768,nancy57@gmail.com
CUST0029,42,Female,69708,Spain,"Editor, magazine features",010.470.6760x34066,vgardner@clay.org
CUST0030,66,Male,94553,Germany,Technical sales engineer,957.037.9658x259,anthonyhaas@parker.com
CUST0031,44,Female,88344,Spain,Energy manager,+1-031-415-8887x52529,robertgutierrez@yahoo.com
CUST0032,59,Female,69138,Germany,Chief Technology Officer,+1-861-351-9092x35845,blawson@robinson.info
CUST0033,45,Male,74302,Germany,Automotive engineer,579.074.4617,tmckinney@hernandez-greer.com
CUST0034,33,Female,67638,France,Illustrator,699.929.6546,nmorton@yahoo.com
CUST0035,32,Female,98249,Spain,Special effects artist,8229811643,wwilson@yahoo.com
CUST0036,64,Male,22719,Germany,Financial trader,113-531-5035,williamthomas@johnson.com
CUST0037,68,Female,42890,Germany,"Lighting technician, broadcasting/film/video",001-762-547-3962x61459,linda31@hotmail.com
CUST0038,61,Male,97236,France,Science writer,775.217.9381x4117,williamsmichelle@lewis.com
CUST0039,69,Female,56509,France,Health service manager,001-534-143-4390x543,huntsean@marshall.com
CUST0040,20,Male,62534,Spain,Veterinary surgeon,917.637.3848x013,patriciacarter@yahoo.com
CUST0041,54,Male,112241,Germany,Haematologist,(094)819-6241,amandakirby@gmail.com
CUST0042,68,Female,38787,Spain,"Accountant, chartered certified",+1-911-900-2018x02312,rachelwall@taylor.com
CUST0043,24,Female,68845,Germany,Counsellor,000.947.9846,diazpatrick@yahoo.com
CUST0044,38,Female,77932,Spain,"Engineer, land",001-819-162-7285x972,rsmith@hotmail.com
CUST0045,26,Female,112124,France,Physiotherapist,684.795.2496x030,combsdana@hotmail.com
CUST0046,56,Female,111659,Germany,"Pharmacist, community",650.235.2300x1231,etorres@hotmail.com
CUST0047,35,Male,53062,Spain,Chief Strategy Officer,001-190-294-4931x04740,jonathon99@montoya.com
CUST0048,21,Female,95713,France,Illustrator,(532)037-4218x06128,sandra08@dixon.com
CUST0049,42,Male,107263,France,"Teacher, special educational needs",651.826.8193,ocruz@torres-webb.net
CUST0050,31,Male,115756,Spain,Marketing executive,(139)409-1088x25295,harriserica@noble.info
CUST0051,67,Female,80461,Germany,"Education officer, environmental",001-632-554-0955,kelleyrobert@gmail.com
CUST0052,26,Male,95418,Germany,Field seismologist,242-268-8397x35402,waderaymond@myers.com
CUST0053,43,Male,86672,France,"Geneticist, molecular",001-724-189-6310x0625,zrodgers@gonzales-rosario.net
CUST0054,19,Male,54832,Germany,Planning and development surveyor,951-561-2523x1319,destinywang@gmail.com
CUST0055,37,Male,51966,Germany,Haematologist,(645)156-0965,larryperez@burnett.org
CUST0056,45,Female,92545,Germany,Higher education lecturer,834-305-8830,edwin72@love.com
CUST0057,64,Male,32987,France,Cabin crew,(733)456-9839,cummingselizabeth@kline.com
CUST0058,24,Female,57311,Spain,Production engineer,363.388.4457x838,usingleton@davis-bailey.com
CUST0059,61,Female,51575,Germany,Airline pilot,048-243-9807x29069,norma71@yahoo.com
CUST0060,25,Male,83852,France,Energy manager,001-874-459-2920x67337,jskinner@yahoo.com
CUST0061,64,Female,21007,France,"Librarian, public",(138)898-0429x7320,robertsjeffrey@hotmail.com
CUST0062,52,Female,90981,Spain,"Producer, radio",631.656.6619x26313,brandon62@yahoo.com
CUST0063,31,Female,96242,Germany,Computer games developer,(649)933-6771x5065,pcarrillo@hotmail.com
CUST0064,34,Male,67517,Germany,Science writer,332-084-1036,kimberly75@yahoo.com
CUST0065,53,Female,49257,Spain,Occupational psychologist,343-493-6827x21419,peterromero@hotmail.com
CUST0066,67,Female,107272,Spain,"Lecturer, higher education",(920)707-3626x557,benjamin87@fields.com
CUST0067,57,Female,62207,France,Social researcher,(368)820-4593x42723,ambermcclure@gmail.com
CUST0068,21,Male,33281,France,Minerals surveyor,257.031.4141,millerkaren@hotmail.com
CUST0069,19,Female,81246,Spain,Aeronautical engineer,(915)874-2649,amber48@vasquez.com
CUST0070,23,Male,21435,Germany,"Therapist, art",317.024.0921x584,rubiorobert@gmail.com
CUST0071,59,Male,118875,France,Museum education officer,659-462-6408x7248,jeffreyvance@gmail.com
CUST0072,21,Male,111357,France,Barista,3087335647,jmeyer@yahoo.com
CUST0073,46,Male,46660,Germany,"Education officer, environmental",577-050-9799x8281,kara29@graham.com
CUST0074,35,Male,25084,France,Hydrogeologist,225-358-3095,johnsonkimberly@arnold.com
CUST0075,43,Male,102197,Germany,"Teacher, music",+1-590-364-0117x4990,jamie29@davis.com
CUST0076,61,Female,33507,Germany,"Runner, broadcasting/film/video",0034807557,alexandersalinas@yahoo.com
CUST0077,51,Male,92595,Germany,Paediatric nurse,967-981-3487x2846,michael58@hotmail.com
CUST0078,27,Female,103807,Spain,"Scientist, research (life sciences)",+1-312-900-6181x83036,kramerjoseph@johnson.com
CUST0079,53,Female,65539,Spain,Claims inspector/assessor,(651)182-2905,carla22@yahoo.com
CUST0080,31,Male,27491,Spain,Fine artist,633.010.9955,garciamichelle@hotmail.com
CUST0081,48,Female,70192,Germany,Agricultural consultant,+1-632-479-3807x098,theresa28@nelson-gomez.com
CUST0082,65,Female,100395,Germany,Network engineer,5290041901,cheyennemiller@proctor-meyers.com
CUST0083,32,Female,83888,Spain,Osteopath,923-283-6849x500,megangarza@chavez-steele.biz
CUST0084,25,Female,93609,France,"Pharmacist, hospital",644.608.5768x88398,vcooper@hotmail.com
CUST0085,31,Male,29077,Germany,Physiological scientist,1753448029,teresa22@hernandez.net
CUST0086,40,Female,40953,France,Video editor,676.053.0205,harrellnicole@young.com
CUST0087,57,Male,96919,France,Building services engineer,+1-434-383-0210,mccoynicholas@smith.com
CUST0088,38,Female,87889,Germany,Magazine journalist,(176)006-3096x5750,danieldean@hotmail.com
CUST0089,33,Female,43821,Germany,Corporate treasurer,001-463-995-7846,wandajohnson@gmail.com
CUST0090,62,Male,57567,France,Data scientist,4049817111,alopez@hotmail.com
CUST0091,35,Female,44860,France,"Designer, television/film set",189-899-2200x6538,phillipsmarissa@gmail.com
CUST0092,64,Female,41195,Spain,Exhibition designer,(333)719-9629,mclaughlindavid@barrera-patel.biz
CUST0093,41,Female,97475,Spain,Fisheries officer,+1-775-114-0532x81433,paul28@martin.biz
CUST0094,43,Male,110874,Germany,Clinical biochemist,+1-018-748-2013x365,cynthia61@moore.org
CUST0095,42,Female,107266,Spain,Minerals surveyor,747-744-8415x063,ellen06@gmail.com
CUST0096,62,Male,41427,Spain,Chief of Staff,(117)877-1843,nhancock@morris.com
CUST0097,58,Female,47083,Spain,"Lighting technician, broadcasting/film/video",061-453-5428x9000,diana53@yahoo.com
CUST0098,46,Male,107046,Spain,Immunologist,001-629-534-1507x651,scott10@carroll.com
CUST0099,32,Male,77372,France,"Pharmacist, hospital",+1-651-814-0636x5984,xwatts@gmail.com
CUST0100,62,Female,64064,Germany,Science writer,825.551.0038x93220,caldwelljustin@yahoo.com
CUST0101,18,Female,27813,Spain,Public house manager,+1-016-511-5091x08448,smithcurtis@yahoo.com
CUST0102,42,Male,51598,France,Theatre manager,001-528-058-8251x5216,laurabooker@wagner-rodriguez.biz
CUST0103,24,Male,113106,France,Best boy,279.390.5082x187,aaron99@newton-rocha.com
CUST0104,26,Female,47082,France,"Civil engineer, contracting",6970905604,igarcia@yahoo.com
CUST0105,41,Male,49241,Spain,Homeopath,+1-655-736-6285x37857,owoods@taylor-esparza.biz
CUST0106,18,Female,116214,Spain,Estate manager/land agent,847-833-9190,kevinwalker@paul.com
CUST0107,61,Female,64569,Germany,Archaeologist,695-568-6126,fwilson@hughes.com
CUST0108,25,Female,31745,Spain,Systems developer,+1-209-883-0863x308,lindaroberts@walker.com
CUST0109,41,Female,46029,Spain,Industrial buyer,837-789-8299x0168,rebeccagonzales@may.com
CUST0110,28,Male,33025,France,Midwife,(217)484-7331x4828,trevor76@graham.com
CUST0111,68,Female,34288,Germany,Sport and exercise psychologist,109-843-2900x08694,loganpage@crawford-johnson.org
CUST0112,34,Male,109186,Spain,Systems developer,(154)526-2862,gregorylonnie@yahoo.com
CUST0113,25,Female,26540,Spain,Insurance risk surveyor,001-089-779-6939,graykelly@hotmail.com
CUST0114,52,Male,117768,France,"Producer, radio",001-360-729-1004x07624,guy54@green.com
CUST0115,52,Female,101958,France,"Engineer, civil (consulting)",305.217.1166x103,gwilliams@alexander.com
CUST0116,50,Male,88878,Spain,Hospital doctor,955-913-6064,valeriehenry@gmail.com
CUST0117,22,Male,61846,Germany,"Lecturer, further education",2373306163,jasmine67@yahoo.com
CUST0118,59,Female,95932,Germany,Health promotion specialist,984.602.3403,juliecoleman@rivera.biz
CUST0119,56,Female,37482,France,Ambulance person,+1-668-587-0574x8801,elizabeth85@hotmail.com
CUST0120,58,Female,43411,France,Sales promotion account executive,001-160-716-5904,fcooper@yahoo.com
CUST0121,45,Female,70975,Spain,Geographical information systems officer,(084)292-5652x8672,sandra72@gmail.com
CUST0122,24,Male,80545,France,Drilling engineer,+1-149-202-3328,rickwiggins@jackson.com
CUST0123,26,Female,98797,Spain,Industrial/product designer,138.126.2534,mario75@flowers.com
CUST0124,25,Male,72307,Germany,Herbalist,001-889-270-0738,michaelmccoy@carter.com
CUST0125,29,Male,23093,Germany,Clinical research associate,204-813-0190x51444,cabreraholly@gmail.com
CUST0126,51,Female,97258,Spain,"Engineer, biomedical",001-283-846-0550,joseph16@gmail.com
CUST0127,50,Male,42042,France,Public relations officer,2465123913,stonetara@underwood.org
CUST0128,65,Male,72930,Germany,Herbalist,001-691-608-0218,wlara@neal.com
CUST0129,40,Male,64413,France,"Engineer, biomedical",+1-339-828-3445,fraziermary@gmail.com
CUST0130,41,Male,113623,Germany,Naval architect,514-796-7416,aobrien@calhoun.com
CUST0131,54,Female,117883,Spain,Writer,334.169.5273x10700,renee67@yahoo.com
CUST0132,52,Female,53756,Spain,"Scientist, research (physical sciences)",(680)577-2849x3182,vargaskristi@lam.net
CUST0133,61,Female,73268,Spain,Building services engineer,001-011-844-1785x2982,richardparsons@schwartz.com
CUST0134,57,Female,59214,Germany,Careers adviser,001-858-066-5186x2197,nhorn@wilson.com
CUST0135,39,Male,101871,France,Nutritional therapist,8707809450,lunamary@williams.biz
CUST0136,44,Male,48602,France,Training and development officer,882.809.5295x85904,brittany88@miller.com
CUST0137,52,Female,73331,France,"Administrator, education",+1-607-981-0407,wardpaula@hotmail.com
CUST0138,18,Female,68901,Germany,"Psychologist, counselling",8578032325,tharris@gmail.com
CUST0139,52,Female,119986,Germany,Seismic interpreter,(039)438-5918x244,jennifer78@silva.com
CUST0140,54,Male,83416,Germany,Contracting civil engineer,001-503-771-3966x952,nweaver@anderson-wells.com
CUST0141,64,Female,52196,Germany,Museum/gallery exhibitions officer,(147)617-0567x12605,ysmith@torres-nelson.net
CUST0142,31,Female,25626,Germany,"Engineer, water",(924)653-1253x9886,xbuchanan@yahoo.com
CUST0143,20,Female,27424,France,"Copywriter, advertising",+1-816-265-7559x5032,greilly@jones-melton.com
CUST0144,18,Male,32857,Germany,Technical brewer,001-017-842-1001x39907,melissa34@romero.org
CUST0145,22,Male,39982,Germany,Insurance account manager,+1-366-012-6745,ryan80@keller-singh.biz
CUST0146,43,Male,96961,France,Housing manager/officer,055.068.2670x624,wagnercalvin@hotmail.com
CUST0147,31,Male,21980,Germany,Social worker,+1-597-080-7973x651,mooneytiffany@yahoo.com
CUST0148,56,Male,68290,France,Health visitor,992-059-6533x001,sguerra@yahoo.com
CUST0149,44,Male,46431,France,Early years teacher,756.483.2919x0903,melanieedwards@yahoo.com
CUST0150,26,Male,104976,Spain,Copy,+1-792-278-3227x14734,cortezdominic@yahoo.com
CUST0151,32,Male,102711,Spain,Mechanical engineer,(823)972-1224x99433,ericaflowers@west.com
CUST0152,32,Female,46385,Spain,Product manager,(637)331-5571x9625,smithbrittney@jenkins-russell.com
CUST0153,43,Female,58158,Spain,Primary school teacher,323.433.6780,kdurham@perry.org
CUST0154,59,Male,43019,Germany,Electrical engineer,468.144.7004x681,kylesingleton@graham-crawford.com
CUST0155,30,Male,38639,Spain,Estate manager/land agent,+1-811-746-2909x558,hthornton@torres-jones.info
CUST0156,68,Female,105530,France,Higher education lecturer,001-812-947-1563x209,mcclainfrances@huffman.net
CUST0157,49,Male,119911,Germany,"Administrator, education",+1-603-355-3297x6407,pali@king-oconnor.com
CUST0158,56,Male,41563,Spain,Economist,520.456.1302,orodgers@hotmail.com
CUST0159,66,Male,59341,France,Photographer,(076)909-0465x68429,ballardjason@gmail.com
CUST0160,69,Female,25776,Germany,Sub,071-831-9537,xwallace@andrews.com
CUST0161,49,Female,56444,Germany,"Teacher, secondary school",3377682778,browneric@yahoo.com
CUST0162,21,Female,88916,Spain,Careers information officer,(241)015-6094x53774,morganronald@hotmail.com
CUST0163,47,Female,28711,Germany,Exhibition designer,(370)412-5621x318,jordanmaureen@warren-martin.com
CUST0164,54,Female,94318,France,Biomedical scientist,(436)265-4449,thompsonbrian@hotmail.com
CUST0165,40,Male,102970,Germany,Ophthalmologist,(212)643-7998x625,jodyreynolds@carrillo.biz
CUST0166,56,Female,105553,France,Ranger/warden,737.650.4825,princeyvonne@yahoo.com
CUST0167,62,Male,50707,Germany,Chiropractor,(609)684-9284x13315,charlesdavid@tucker-brown.com
CUST0168,32,Male,59110,Spain,Dramatherapist,554-011-6790x0027,cpetersen@hotmail.com
CUST0169,60,Female,81788,France,Haematologist,(075)343-3257x0422,robin76@yahoo.com
CUST0170,46,Female,102879,Germany,"Therapist, occupational",(767)181-5619x1998,jessica21@walters.com
CUST0171,53,Male,58827,Germany,Quarry manager,643-899-7324,batesanna@garcia.com
CUST0172,30,Male,25655,Germany,Retail buyer,+1-316-998-8840x264,dgamble@hotmail.com
CUST0173,49,Male,64859,France,"Engineer, building services",527-186-2527x035,kenneth76@yahoo.com
CUST0174,24,Female,73625,France,Chief Strategy Officer,3799174374,ashleyjimenez@yahoo.com
CUST0175,68,Female,72098,France,Clinical psychologist,483-617-8219x6478,pproctor@burns.com
CUST0176,39,Female,35251,Spain,Commissioning editor,(611)278-7006x9289,brookehamilton@hotmail.com
CUST0177,45,Female,20526,Spain,Consulting civil engineer,8110178154,hlandry@gutierrez.biz
CUST0178,19,Female,88760,France,Forest/woodland manager,001-858-870-2720x998,sharplauren@gmail.com
CUST0179,59,Male,67837,Germany,"Teacher, early years/pre",649-193-8619,lepatrick@lopez-copeland.com
CUST0180,62,Female,31536,Spain,Volunteer coordinator,2063396807,evanscrystal@hotmail.com
CUST0181,23,Male,48541,France,"Teacher, adult education",001-884-943-3690x35394,huertarobin@berry.com
CUST0182,45,Male,99083,Germany,Landscape architect,001-125-782-3492x2793,csmith@cox.com
CUST0183,45,Male,71027,Spain,Osteopath,+1-232-431-1538,kpacheco@yahoo.com
CUST0184,61,Female,54531,Germany,Bookseller,832.300.8083,klogan@yahoo.com
CUST0185,61,Female,28712,Germany,Arboriculturist,+1-546-393-4176,melinda48@gmail.com
CUST0186,37,Female,85455,Germany,Building surveyor,762-960-0290,jill65@hotmail.com
CUST0187,47,Male,94744,Germany,Financial adviser,214-944-3502,jacquelineleonard@meyer.com
CUST0188,28,Male,25109,Spain,"Scientist, marine",(322)377-0513,michael42@frank.com
CUST0189,45,Male,69268,Spain,Colour technologist,4026775927,stephaniewashington@yahoo.com
CUST0190,42,Male,74615,Spain,Technical author,(817)177-5047,laurasmith@perkins.com
CUST0191,56,Male,102503,France,"Production assistant, radio",639.125.0512x256,qsalinas@yahoo.com
CUST0192,50,Male,49759,Spain,Copy,834.927.6855,dsmith@gonzalez.biz
CUST0193,18,Female,105708,Germany,Outdoor activities/education manager,001-355-741-3667x09495,hortondavid@yahoo.com
CUST0194,44,Female,80112,Spain,Telecommunications researcher,899-136-8638x84221,efowler@king.com
CUST0195,69,Female,46589,Germany,Television floor manager,701.198.4312x232,williamsdeborah@clayton-barrett.com
CUST0196,30,Female,50015,France,Diagnostic radiographer,1328503033,tiffanysmith@stewart.com
CUST0197,58,Male,49009,Germany,Fast food restaurant manager,(922)813-1331,samantha98@gmail.com
CUST0198,20,Male,103309,Germany,Air cabin crew,(593)032-1360,lsmith@walter.com
CUST0199,56,Female,82046,Germany,Dietitian,651-317-0483,jarroyo@rose-bautista.com
CUST0200,23,Male,46143,France,Armed forces logistics/support/administrative officer,+1-942-286-4654,hwagner@hotmail.com
CUST0201,25,Female,26154,Spain,"Therapist, music",(099)119-8676x60356,wellsrichard@gmail.com
CUST0202,44,Female,41804,Spain,Chief Marketing Officer,(000)716-0434x3973,cherylbarnes@gmail.com
CUST0203,26,Female,61688,France,Data processing manager,664-075-4455,johnbauer@nguyen.com
CUST0204,54,Male,84288,Germany,Photographer,(558)021-5178x79757,vbradley@carter.com
CUST0205,50,Female,71195,Spain,Purchasing manager,211.147.0274x948,uduran@porter.net
CUST0206,68,Female,40581,France,"Conservator, furniture",252-910-6187x1527,david40@hotmail.com
CUST0207,59,Female,72648,Spain,Furniture designer,001-707-398-6789x2724,warddustin@potts-austin.com
CUST0208,61,Male,50087,France,Health physicist,059-008-8761x2957,mlee@yahoo.com
CUST0209,41,Male,69930,Germany,Intelligence analyst,(417)521-1483x984,desireegarcia@cole-harris.com
CUST0210,32,Female,52981,Spain,"Designer, jewellery",8048476956,burkebenjamin@conway-johnson.com
CUST0211,49,Male,89298,France,Arboriculturist,(021)430-5483,zgolden@hotmail.com
CUST0212,49,Male,66167,Spain,Television camera operator,192-548-0159x7164,ray50@klein-wells.net
CUST0213,41,Male,95304,Spain,Print production planner,(709)565-5118,qbass@hotmail.com
CUST0214,58,Male,63408,Spain,Water quality scientist,(982)906-0554,carmen64@harris.info
CUST0215,69,Male,59499,Spain,Geoscientist,001-541-062-4963x2086,darren01@yahoo.com
CUST0216,66,Male,72269,France,"Psychologist, clinical",605.869.3090x3023,terristewart@gmail.com
CUST0217,66,Male,58559,Germany,Educational psychologist,+1-019-203-1397x830,laura45@hall.biz
CUST0218,69,Male,94319,France,Public house manager,001-865-745-9504x85472,cmcdonald@gmail.com
CUST0219,29,Male,115317,France,"Biochemist, clinical",612-396-7493x1547,amccann@hotmail.com
CUST0220,56,Male,116347,France,Trading standards officer,297-284-4518x63310,dmatthews@mills-miller.com
CUST0221,19,Female,68787,Germany,Microbiologist,135.796.0385x717,khandaniel@gmail.com
CUST0222,20,Female,55488,Spain,Professor Emeritus,929-822-0091x05497,travis51@chavez-ramirez.biz
CUST0223,66,Male,94441,Spain,Chief Operating Officer,472-422-4859,vbradley@norton-hill.com
CUST0224,54,Female,94663,Spain,"Therapist, speech and language",001-076-872-7057,jsolomon@gmail.com
CUST0225,66,Female,42431,Germany,Learning disability nurse,+1-512-940-6676x4980,nathan16@hotmail.com
CUST0226,34,Male,81681,Spain,"Surveyor, minerals",5083014692,bruce64@gmail.com
CUST0227,66,Male,83483,Germany,Oceanographer,934-280-7484,john03@morgan.com
CUST0228,19,Male,69153,Spain,Art gallery manager,(031)790-2822x2993,scook@yahoo.com
CUST0229,19,Female,26368,Spain,Conference centre manager,001-644-730-9360x07086,oshort@yahoo.com
CUST0230,45,Female,47424,France,Press photographer,5895783621,nperez@yahoo.com
CUST0231,40,Male,65004,Germany,Video editor,001-776-541-6401x620,arielrojas@mayer.com
CUST0232,54,Male,103869,France,Claims inspector/assessor,671.137.7727x20273,todd81@yahoo.com
CUST0233,49,Male,108652,France,"Surveyor, insurance",+1-311-568-5971x6347,elarson@burns-olson.com
CUST0234,50,Female,76985,France,Health promotion specialist,2526222135,youngjenna@brown.com
CUST0235,18,Female,70069,Germany,"Production assistant, radio",864-508-5395,nolanwarren@barrett.com
CUST0236,36,Female,72326,Germany,Higher education lecturer,+1-582-503-9877x5787,hdaniel@cabrera-reed.com
CUST0237,19,Female,101061,Spain,"Geologist, wellsite",(284)432-7003x00356,misty40@yahoo.com
CUST0238,61,Male,43398,France,Interior and spatial designer,(768)596-1222x7175,crandolph@yahoo.com
CUST0239,43,Male,118393,Spain,Social worker,+1-285-513-3146x1973,candace31@sparks-wilson.com
CUST0240,49,Male,70861,France,Food technologist,(999)408-5531x28014,melanie30@gmail.com
CUST0241,23,Male,95897,Germany,Newspaper journalist,001-542-574-9021x2829,elizabeth86@young-mack.org
CUST0242,49,Female,101905,Germany,"Programmer, multimedia",+1-412-967-7840x99189,pgordon@gregory.com
CUST0243,21,Female,88577,Germany,Site engineer,001-600-768-0514x0268,wmiranda@moody.com
CUST0244,28,Male,85641,France,Information systems manager,001-721-732-4114x973,ymontoya@yahoo.com
CUST0245,34,Male,29078,Germany,English as a second language teacher,(031)873-5359,jenniferanderson@gmail.com
CUST0246,55,Female,45003,France,"Surveyor, mining",462-770-0147,ghill@woodard.net
CUST0247,41,Male,82768,Spain,"Engineer, civil (contracting)",1240509123,nsmith@hotmail.com
CUST0248,22,Female,71047,France,Orthoptist,028-847-0018x512,christopher45@hotmail.com
CUST0249,69,Male,91626,Spain,Animator,001-202-528-5261,christopherreyes@schneider.com
CUST0250,51,Male,77660,France,Radio broadcast assistant,(718)496-2357x88428,pblackwell@gmail.com
CUST0251,23,Male,69786,Spain,Animator,(591)052-8386x1213,whampton@mcclain.biz
CUST0252,39,Male,21925,Germany,"Engineer, mining",001-792-723-1972x655,vray@kennedy.com
CUST0253,28,Male,103976,Spain,Passenger transport manager,474-903-5337x9475,soliver@miranda-harris.net
CUST0254,65,Male,46015,Germany,Charity officer,+1-580-848-1841x71760,qchavez@mccann.com
CUST0255,33,Male,53320,Germany,Television camera operator,(831)712-9761x4014,jacksoncarl@dunlap.org
CUST0256,50,Female,84881,Spain,Occupational psychologist,+1-852-840-0458x9209,larry67@gmail.com
CUST0257,26,Female,110827,France,Sports development officer,+1-661-953-8745x41993,bensonmichael@gmail.com
CUST0258,23,Female,46289,France,"Engineer, electronics",(375)262-4601,kennethharris@gmail.com
CUST0259,33,Female,23389,France,Radiation protection practitioner,(080)073-1968x58669,vickimalone@diaz.com
CUST0260,46,Female,45683,France,Midwife,+1-958-166-7601x15505,xjackson@moore.org
CUST0261,20,Male,33629,France,"Surveyor, mining",001-757-605-8504x52031,garyfranklin@hotmail.com
CUST0262,37,Male,81550,Germany,Hydrogeologist,001-583-268-7039x70687,susan08@francis-patterson.com
CUST0263,53,Female,44826,France,Financial manager,(398)770-8602x2067,justinnorman@lester-compton.com
CUST0264,36,Male,46630,Germany,Tax inspector,(507)611-1446x3726,qmack@yahoo.com
CUST0265,43,Female,118762,Germany,"Horticulturist, amenity",+1-930-654-3398x7001,briandurham@smith-rogers.info
CUST0266,20,Female,66163,Germany,"Designer, graphic",+1-587-068-3984x1180,sherry10@steele.net
CUST0267,36,Male,118511,Spain,Dispensing optician,001-536-560-8085,christie82@reed.biz
CUST0268,37,Male,86435,Spain,Geochemist,273-186-4307,schwartzsandra@lopez.com
CUST0269,49,Male,31653,Germany,"Engineer, building services",+1-215-834-3675,clarkchristopher@collier-hall.com
CUST0270,24,Female,47961,Spain,Biomedical scientist,057.826.9634,irobbins@stanley.com
CUST0271,69,Male,101941,France,"Designer, furniture",680.492.6004,dwood@hotmail.com
CUST0272,58,Female,94137,France,Fine artist,+1-306-204-1213,kimberly68@hotmail.com
CUST0273,50,Female,53662,Germany,"Therapist, nutritional",4531323859,rhernandez@hotmail.com
CUST0274,57,Female,118818,France,"Engineer, civil (contracting)",001-461-676-8898x867,guerrerochelsea@gmail.com
CUST0275,56,Male,76446,Germany,"Surveyor, minerals",(816)620-6017x29924,jthomas@gmail.com
CUST0276,35,Male,41288,Germany,Insurance account manager,(912)762-2747,melody45@luna-santiago.com
CUST0277,57,Female,115081,France,Multimedia programmer,(031)221-0919x939,umurray@bowers.com
CUST0278,18,Male,56877,Spain,"Designer, jewellery",(893)799-0739,chall@hotmail.com
CUST0279,28,Male,35313,France,Merchant navy officer,700-880-3373x997,terryclaudia@munoz.com
CUST0280,45,Male,100885,France,Statistician,5178434214,joshuastephens@thompson.com
CUST0281,42,Female,92715,Germany,Visual merchandiser,+1-225-257-3686,heather31@townsend.com
CUST0282,67,Female,30326,Germany,Scientific laboratory technician,074-202-6059x60515,nvilla@hotmail.com
CUST0283,40,Male,21560,Germany,"Education officer, community",+1-176-015-1527x6987,owenlaura@morgan.net
CUST0284,48,Female,99148,Germany,Biomedical scientist,972-381-8900x2139,sandra93@castro.biz
CUST0285,47,Male,103186,Spain,Music therapist,001-752-249-2056x0756,kylewilliams@hotmail.com
CUST0286,59,Male,46745,Spain,Sales executive,+1-760-408-8699x38434,hudsonjerry@hall.info
CUST0287,52,Male,51890,Spain,Administrator,(890)030-4842x59505,rasmussendale@smith.net
CUST0288,24,Male,40022,Germany,Equities trader,(923)609-6235x09709,jason84@porter.info
CUST0289,33,Female,72579,Germany,"Designer, graphic",168.766.2807,jameswagner@stevenson-scott.org
CUST0290,43,Female,90316,Germany,Contractor,7112526393,cooperlee@gmail.com
CUST0291,65,Female,103847,Spain,Marketing executive,001-131-611-7239x72804,smithshaun@yahoo.com
CUST0292,69,Male,48380,Germany,Public affairs consultant,268-672-9729,delacruzdanielle@hotmail.com
CUST0293,66,Male,22356,France,Television camera operator,790-816-8188x37238,marywyatt@wallace.net
CUST0294,19,Male,90326,France,"Engineer, maintenance",001-145-411-2871x553,jorge56@carroll-thomas.com
CUST0295,18,Female,112447,Germany,Clinical research associate,+1-016-085-3365,pruiz@yahoo.com
CUST0296,65,Male,109899,France,Personnel officer,+1-958-725-6216x3182,marquezrobert@thornton-calderon.net
CUST0297,29,Female,40049,France,"Teacher, adult education",6541406391,charles84@yahoo.com
CUST0298,22,Female,95717,Spain,"Investment banker, corporate",360-432-9479x370,tkoch@owens.com
CUST0299,54,Female,36082,Germany,Multimedia specialist,3207616399,mpage@little.com
CUST0300,49,Female,20661,Germany,"Engineer, civil (consulting)",906-048-6394x6093,ilarson@hotmail.com
CUST0301,26,Female,57412,Spain,Fisheries officer,001-061-948-4056x5204,christiandaniel@gmail.com
CUST0302,58,Female,22920,France,Psychiatrist,2856405898,ryanwillie@yahoo.com
CUST0303,52,Male,111194,France,Drilling engineer,5601948503,summersshelby@gmail.com
CUST0304,36,Male,80315,Germany,Fashion designer,+1-789-597-0327x27948,morenozachary@hotmail.com
CUST0305,65,Female,99561,France,Barista,747.277.5393x704,jfuller@garcia.com
CUST0306,33,Female,28946,Spain,Facilities manager,(934)789-3334,dalton79@flores.com
CUST0307,20,Male,114242,Spain,Theatre stage manager,001-476-176-5344x515,mgrant@hotmail.com
CUST0308,37,Female,65500,Germany,Adult guidance worker,214.079.2803,kellyamanda@walton-sullivan.com
CUST0309,41,Female,36309,Spain,"Research officer, political party",(063)831-6733,cannonalyssa@spencer.com
CUST0310,50,Male,75230,Spain,Health physicist,5991782434,jordanjeanette@yahoo.com
CUST0311,41,Female,118656,Germany,"Engineer, maintenance",253-039-5700x0074,levyroberto@hotmail.com
CUST0312,69,Female,50027,Spain,"Engineer, control and instrumentation",898-209-4858x94208,jeffery29@kim.com
CUST0313,28,Female,92541,Spain,Financial controller,+1-091-550-8815x9127,tgarcia@hotmail.com
CUST0314,66,Male,79321,Spain,"Surveyor, planning and development",445.897.5019x2388,teresacooper@yahoo.com
CUST0315,25,Male,20956,France,"Embryologist, clinical",+1-133-738-6690x1081,moralesrichard@ortiz-cline.com
CUST0316,53,Male,94131,Germany,Community pharmacist,6867310282,michael02@harris.biz
CUST0317,55,Female,67908,Germany,Site engineer,2896617510,kochandrew@hotmail.com
CUST0318,57,Female,98339,Germany,Immunologist,100-716-3750,jessica53@english.com
CUST0319,37,Male,45963,France,Systems developer,9635546742,robert29@yahoo.com
CUST0320,52,Female,59443,France,Hospital doctor,001-852-894-5742x4389,john15@yahoo.com
CUST0321,65,Female,119259,Germany,Public house manager,(769)857-7889,udecker@yahoo.com
CUST0322,42,Female,59063,France,Furniture designer,484-278-2038,salinasbrianna@mullen-ellis.com
CUST0323,52,Female,100818,Germany,Systems developer,342-075-1699,mileschristopher@hotmail.com
CUST0324,42,Female,24703,France,Purchasing manager,+1-424-734-1530x0718,rlee@house-sparks.com
CUST0325,46,Male,85128,Spain,Transport planner,201-589-1949,brookerobbins@gmail.com
CUST0326,35,Female,92099,Spain,Senior tax professional/tax inspector,(592)919-9940x93247,linda08@yahoo.com
CUST0327,63,Male,45849,Germany,Claims inspector/assessor,001-043-446-3179x7286,ortizjenny@hotmail.com
CUST0328,35,Female,51860,France,"Scientist, research (medical)",996.798.1453,holson@jackson.com
CUST0329,19,Male,51585,France,Advertising account executive,(030)816-8358,nbenson@hotmail.com
CUST0330,52,Female,42015,Spain,Writer,4589123209,klinejeffrey@williams.net
CUST0331,33,Male,97539,Spain,Office manager,+1-105-831-5768x71928,katrinahernandez@hotmail.com
CUST0332,58,Female,63585,France,Ophthalmologist,9313213200,burtonbrenda@macias.net
CUST0333,53,Male,46958,France,Chief Technology Officer,(754)614-9492x99728,pattersonnancy@gonzalez.com
CUST0334,50,Female,46017,France,Building services engineer,001-987-358-1359x8919,wigginsthomas@yahoo.com
CUST0335,21,Male,96707,France,Editorial assistant,0766611859,romerologan@gmail.com
CUST0336,50,Female,65350,France,Chartered management accountant,+1-456-878-2429x423,yvega@walters.com
CUST0337,31,Male,32201,France,Charity fundraiser,276-939-1089x970,jennifercrane@gmail.com
CUST0338,38,Male,49426,Germany,Mining engineer,001-288-267-2462x74763,ymatthews@gmail.com
CUST0339,65,Female,37778,France,Translator,+1-838-875-1299x58694,diane07@baker.net
CUST0340,37,Female,65241,Spain,Cartographer,115.046.1004x127,clarkwilliam@yahoo.com
CUST0341,25,Male,62229,Germany,Statistician,(205)594-4508x4794,loweandrew@yahoo.com
CUST0342,24,Female,106652,France,"Scientist, research (physical sciences)",+1-979-040-9317x71978,fullercristina@yahoo.com
CUST0343,20,Male,68364,Spain,Tree surgeon,9410958698,codywilliams@hotmail.com
CUST0344,34,Male,118833,Germany,"Radiographer, therapeutic",001-977-630-9531,latoya18@salazar.info
CUST0345,50,Male,104878,Spain,Environmental health practitioner,(124)200-7054x73434,sgarcia@yahoo.com
CUST0346,65,Female,77056,France,Chiropractor,901.662.9901,leslieflynn@herrera-johnson.info
CUST0347,29,Male,47490,France,Furniture designer,(331)810-5045x003,lopeznicolas@yahoo.com
CUST0348,68,Male,39975,France,Cytogeneticist,393.193.4205,dennis31@day.biz
CUST0349,39,Female,46723,France,"Conservation officer, nature",+1-071-467-5824x63505,wilsonsarah@bush.com
CUST0350,39,Female,43279,Germany,Minerals surveyor,001-588-012-1515x59351,jessicabeck@brennan-nichols.org
CUST0351,63,Female,98301,Germany,Professor Emeritus,001-925-434-6933,garrisonamy@jackson.biz
CUST0352,47,Female,31561,Spain,"Geologist, engineering",885-562-9382,brianweaver@tate.com
CUST0353,55,Male,86061,France,Pension scheme manager,(265)156-9754x6766,april65@yahoo.com
CUST0354,55,Male,108397,Spain,Osteopath,001-914-780-0929x441,mercerrobin@hall.org
CUST0355,62,Male,69153,Germany,Arts administrator,+1-519-393-1866,rolsen@yates-gonzalez.info
CUST0356,68,Male,53142,France,"Engineer, petroleum",+1-635-953-4243x1942,brad38@gonzalez.com
CUST0357,25,Female,46916,France,Outdoor activities/education manager,(184)333-4203,jamiesilva@ramirez-howard.net
CUST0358,44,Male,84324,Germany,Building surveyor,073-493-3172x711,jenniferharris@jacobson.com
CUST0359,44,Male,64965,Germany,"Surveyor, building control",(023)782-7311,scott46@montgomery-davis.com
CUST0360,51,Female,24648,Germany,"Accountant, chartered public finance",8628241152,robertwilliams@brandt-ryan.org
CUST0361,38,Male,55133,Germany,Advice worker,001-455-862-0650x44844,sheilasmith@yahoo.com
CUST0362,47,Male,70677,Germany,Operational investment banker,001-146-595-8644x32139,valerieramsey@macdonald.com
CUST0363,50,Male,116059,France,"Production assistant, radio",135-741-3824x997,ramirezjasmine@hotmail.com
CUST0364,45,Male,114588,Germany,Research scientist (medical),153.128.3084x26423,michael56@hotmail.com
CUST0365,64,Male,119950,France,Field trials officer,833-163-2667,rwarren@gonzalez.info
CUST0366,50,Male,118317,France,Site engineer,(044)250-3638x2311,jose48@fritz.net
CUST0367,22,Female,90135,Germany,Press sub,+1-265-098-1500,sonya43@page.info
CUST0368,65,Female,55046,Germany,"Teacher, adult education",009.149.8399x49861,rchapman@singh.com
CUST0369,36,Male,67064,France,Dispensing optician,797-190-8672,heather92@gmail.com
CUST0370,21,Male,89350,Germany,Ambulance person,(868)342-5726,connernathan@yahoo.com
CUST0371,52,Female,65893,Germany,Solicitor,6865937307,zcrawford@yahoo.com
CUST0372,66,Male,81272,Germany,Surgeon,709-521-9311,andrewgoodman@hotmail.com
CUST0373,34,Male,112152,Spain,Fashion designer,7911420984,paul75@lutz.com
CUST0374,61,Male,87649,France,"Editor, magazine features",(140)578-2719,amanda02@richardson-robinson.com
CUST0375,45,Female,84674,Spain,Landscape architect,(579)427-4272,georgerosales@hotmail.com
CUST0376,47,Male,33760,Germany,"Therapist, nutritional",(090)403-0832x8119,jasmine78@taylor.info
CUST0377,46,Female,41927,Spain,Arts development officer,001-921-481-7974x16695,emily44@martin.com
CUST0378,63,Male,106475,Germany,"Editor, magazine features",686-754-4955x77944,vlewis@hotmail.com
CUST0379,23,Female,81367,Spain,Herbalist,(948)897-4237,jessicadavis@larsen.org
CUST0380,52,Female,117955,Germany,Office manager,606-399-5830x119,john51@robinson.com
CUST0381,58,Male,32588,Spain,"Psychotherapist, child",393-856-9950x46679,stephen98@cruz.com
CUST0382,54,Female,72233,Spain,Chartered accountant,345.761.1873x5894,ktate@hotmail.com
CUST0383,41,Male,64738,Spain,"Scientist, product/process development",384.469.5171x0253,wanderson@gonzalez.biz
CUST0384,46,Female,53397,France,"Programmer, systems",+1-648-449-7639x3237,christian66@gmail.com
CUST0385,66,Male,102189,Spain,Plant breeder/geneticist,+1-326-216-0686x07106,vbush@henderson.net
CUST0386,63,Male,96367,France,Actuary,015-606-1716x9291,elizabeth73@yahoo.com
CUST0387,48,Female,91260,Germany,Race relations officer,383-409-2022,janetowen@wu.com
CUST0388,52,Male,96619,Spain,Insurance account manager,810-138-2251x877,jennifer82@erickson-villanueva.info
CUST0389,50,Male,39816,Germany,"Pharmacist, hospital",853-043-9405x2362,kenneth77@hotmail.com
CUST0390,69,Female,62240,Germany,Actuary,001-126-428-3317x1061,urichardson@thompson.com
CUST0391,38,Male,26276,Spain,"Programmer, multimedia",(178)333-9417x778,carrieanderson@mitchell-howard.com
CUST0392,49,Male,99530,France,Telecommunications researcher,588.122.1506,jhines@perez.com
CUST0393,40,Female,43499,Spain,Fisheries officer,001-792-424-0516,omckee@estrada.biz
CUST0394,50,Female,108576,Germany,Pharmacologist,327-393-5553,jacquelineanderson@allen.org
CUST0395,20,Male,102495,Germany,Production manager,001-589-928-8523x04568,hharrell@hotmail.com
CUST0396,35,Male,91635,Spain,Forensic scientist,(589)188-4083x62500,jeffreyholmes@gmail.com
CUST0397,42,Female,105112,France,Chartered public finance accountant,+1-514-706-7718x4827,rodriguezkelly@yahoo.com
CUST0398,59,Female,55946,France,Systems analyst,4419948166,shannon00@hotmail.com
CUST0399,48,Male,75204,Germany,"Engineer, manufacturing",+1-905-671-3247,conraddawn@shaffer.net
CUST0400,20,Female,71886,Germany,Charity officer,(201)345-6300x8596,danielstephen@gmail.com
CUST0401,57,Male,91652,France,Occupational psychologist,+1-105-301-7164x085,cindypowers@pugh-marks.org
CUST0402,63,Male,35563,Spain,Heritage manager,001-924-494-1202x41510,thompsonedward@johnson-sanders.com
CUST0403,41,Male,112324,Germany,Chief of Staff,+1-805-209-0098x92482,nataliecooley@yahoo.com
CUST0404,67,Male,112464,France,Therapeutic radiographer,905.926.2768x6563,gonzalezwendy@yahoo.com
CUST0405,49,Male,29847,Germany,"Editor, film/video",963.823.0668x988,athomas@woodard-merritt.com
CUST0406,64,Female,46155,Spain,"Geologist, wellsite",+1-167-317-2083x38625,klinejoseph@hotmail.com
CUST0407,39,Female,99671,France,Social worker,001-970-922-5560,bradleyjoyce@yahoo.com
CUST0408,40,Female,103310,Germany,"Therapist, sports",172-560-1099x17272,riddleelizabeth@yahoo.com
CUST0409,19,Female,87278,Spain,Aid worker,001-211-628-9514x5089,christine88@phillips.com
CUST0410,44,Male,38309,Germany,Biomedical engineer,+1-201-271-5671x6142,melindahernandez@rice.info
CUST0411,59,Male,20619,Spain,Energy manager,864.887.5240,xmiller@hotmail.com
CUST0412,19,Male,103194,Spain,"Conservator, museum/gallery",001-870-315-2775x389,richardwilliam@park-shepherd.com
CUST0413,43,Male,70108,France,"Engineer, electronics",498.139.5693x3485,teresagarcia@yahoo.com
CUST0414,34,Female,54707,Spain,"Restaurant manager, fast food",7529400622,rlee@hotmail.com
CUST0415,57,Male,40337,Germany,Ergonomist,+1-117-469-1507x63959,wilkersonmaria@braun-cox.com
CUST0416,50,Male,101537,Spain,Adult guidance worker,288-950-1056x456,ledwards@gmail.com
CUST0417,26,Female,86504,Spain,"Surveyor, quantity",(304)278-9256,johnsonjason@green-thomas.com
CUST0418,60,Female,67614,France,"Producer, radio",285-763-4589x9005,janet25@yahoo.com
CUST0419,65,Female,111428,Spain,Writer,+1-709-475-2833x43869,dianerobinson@gmail.com
CUST0420,56,Female,111155,Spain,Quarry manager,382-586-6713,mark55@adams.biz
CUST0421,46,Male,20281,Germany,"Administrator, arts",+1-085-756-3511x232,xgreen@gordon.com
CUST0422,59,Male,47420,France,Horticultural consultant,(133)009-0551x34031,anita54@morton.info
CUST0423,43,Female,100896,France,Glass blower/designer,247-319-3343,vcruz@collins.com
CUST0424,52,Male,59030,France,Commissioning editor,(197)820-4673x273,simonshannon@hotmail.com
CUST0425,67,Male,21058,Spain,Educational psychologist,943-352-2449x76734,andersonvirginia@hotmail.com
CUST0426,42,Male,106213,France,"Designer, exhibition/display",+1-808-859-9257x3951,afreeman@richardson-williams.com
CUST0427,41,Female,96260,Spain,"Scientist, marine",(984)971-4157x013,yvetterobinson@larson.com
CUST0428,30,Male,48404,Spain,"Sound technician, broadcasting/film/video",(569)367-1703,angeladavis@bartlett-mathews.com
CUST0429,24,Female,49856,Germany,"Nurse, adult",067-391-9097,julia33@fletcher.net
CUST0430,53,Male,29200,Germany,Prison officer,001-734-237-0021x54635,cardenaspaul@richardson.info
CUST0431,62,Male,84178,Germany,Environmental education officer,794-295-6397,michaelconrad@gomez-gutierrez.org
CUST0432,37,Male,53997,Germany,Land/geomatics surveyor,+1-581-643-9834x845,wcolon@gmail.com
CUST0433,18,Female,45611,Germany,Radio producer,001-228-562-2443x6548,imurphy@yahoo.com
CUST0434,25,Male,61235,Spain,Telecommunications researcher,947-161-2816,brittany17@hotmail.com
CUST0435,63,Female,55057,Spain,Tourist information centre manager,(854)347-7180,jonathanwhite@hotmail.com
CUST0436,33,Female,21239,France,Research scientist (life sciences),(026)247-4997,bgates@davis.com
CUST0437,31,Female,85661,Spain,IT trainer,131.493.5761,ktate@hotmail.com
CUST0438,29,Male,65272,Spain,"Therapist, sports",+1-729-479-8515x28546,smithrichard@kirk.biz
CUST0439,68,Male,109393,Germany,Environmental consultant,+1-512-071-3550x27193,youngnancy@yahoo.com
CUST0440,40,Male,81212,Spain,"Psychotherapist, dance movement",001-784-596-2524x820,carol73@hotmail.com
CUST0441,32,Male,35398,Germany,Mining engineer,821-836-0645,patriciasolis@swanson.com
CUST0442,45,Female,76503,France,Early years teacher,+1-105-786-9358x533,crawfordwilliam@garcia-mckee.com
CUST0443,51,Female,26638,France,"Production designer, theatre/television/film",(232)182-5744x34476,wturner@shepherd.com
CUST0444,19,Female,26570,Spain,Freight forwarder,141-683-8924x3254,rodriguezmelissa@yahoo.com
CUST0445,49,Male,88785,France,Insurance account manager,319-008-0156x86695,jameswilliams@reynolds.com
CUST0446,40,Female,29110,Spain,Paediatric nurse,+1-473-463-6313x75570,harnold@garcia.com
CUST0447,39,Male,99141,France,Environmental health practitioner,(635)093-2117x0597,matthew75@robinson.info
CUST0448,68,Female,32115,Germany,Animator,(959)452-2697x038,monicaharris@little-young.com
CUST0449,42,Male,59062,Germany,Printmaker,001-942-142-6095x617,lisasimpson@hunter-scott.com
CUST0450,39,Male,42911,Germany,Futures trader,769-752-1796x241,christina95@hotmail.com
CUST0451,39,Female,52556,Germany,Cytogeneticist,(985)784-0322,lisaholmes@martinez-myers.biz
CUST0452,66,Female,98131,Spain,"Engineer, mining",216.231.2973x505,dakota43@forbes-murphy.com
CUST0453,69,Female,21969,France,Broadcast presenter,001-780-304-4540x37326,willie83@gmail.com
CUST0454,59,Female,63753,Spain,"Engineer, mining",+1-791-486-3204,mackryan@hotmail.com
CUST0455,23,Male,102811,Germany,Sales promotion account executive,6270896983,warrenvincent@hotmail.com
CUST0456,32,Female,24470,Spain,"Scientist, forensic",(200)376-5858x193,zjohnson@gregory.com
CUST0457,60,Female,30225,France,Field seismologist,(566)088-4226x78706,crawfordrose@hotmail.com
CUST0458,54,Female,43196,Spain,Psychiatric nurse,460-256-5840x784,jason66@hotmail.com
CUST0459,50,Male,33669,France,Immigration officer,+1-936-843-1282x072,shelley46@johnson-decker.com
CUST0460,25,Male,57380,Spain,Trading standards officer,2681324554,ucarpenter@gmail.com
CUST0461,61,Female,68320,France,Ergonomist,+1-469-888-5895x60225,andrewselizabeth@brown.com
CUST0462,61,Male,67414,France,Geophysicist/field seismologist,4403327140,brooketucker@hotmail.com
CUST0463,22,Female,35577,Germany,"Psychologist, forensic",001-374-478-7938x702,robertsutton@hotmail.com
CUST0464,56,Male,108009,France,Physiotherapist,630.210.7387x3215,marybarrett@miller-livingston.com
CUST0465,21,Male,75409,Germany,Insurance claims handler,6832010157,normangary@walker.com
CUST0466,23,Male,48625,Germany,Automotive engineer,(937)358-3466x304,keith98@yahoo.com
CUST0467,62,Male,101040,Germany,Call centre manager,+1-700-394-0478x6563,kcollins@gmail.com
CUST0468,49,Female,44089,Spain,IT trainer,299-145-9097x5186,justinreyes@castro.com
CUST0469,69,Female,56487,Spain,"Engineer, drilling",322.825.7642,mcguireglenn@peters.com
CUST0470,47,Female,85838,Spain,"Geologist, wellsite",(496)676-7453x54011,longjack@curtis.info
CUST0471,64,Male,116999,Spain,"Editor, commissioning",139.344.5236x6036,trujillodouglas@yahoo.com
CUST0472,52,Female,114795,France,Legal secretary,980.287.7436x6131,franciskimberly@yahoo.com
CUST0473,57,Female,70138,France,Equality and diversity officer,939-281-9908x645,jcraig@hotmail.com
CUST0474,69,Female,62823,Spain,Operations geologist,(280)092-6372x6804,christopherfuller@garcia.com
CUST0475,33,Male,57208,France,"Production assistant, radio",000-569-5813,julie64@hotmail.com
CUST0476,30,Male,74061,France,Building surveyor,434-639-6028,fsmith@gmail.com
CUST0477,67,Male,50659,Germany,Banker,452-533-5783x3769,davidlittle@lowe-mcguire.info
CUST0478,59,Female,51890,Germany,"Journalist, broadcasting",(298)815-4992x69900,kennedynicolas@hotmail.com
CUST0479,47,Female,99134,Germany,Market researcher,491.129.1052,hoffmanjames@hotmail.com
CUST0480,36,Female,67055,Germany,"Engineer, building services",+1-812-911-3508x31316,makaylawalsh@hotmail.com
CUST0481,34,Male,39508,France,Meteorologist,576.324.2130x39261,romerosteven@yahoo.com
CUST0482,36,Male,62287,Spain,Pharmacologist,+1-361-134-4644x796,justin38@koch.com
CUST0483,45,Female,98916,France,"Teacher, primary school",600-396-7994,xgonzalez@jones.com
CUST0484,43,Male,46984,France,Occupational hygienist,374-286-7372,zblanchard@hotmail.com
CUST0485,54,Male,28125,France,"Nurse, mental health",492-368-3423x530,jeffrey87@gutierrez-cortez.com
CUST0486,43,Male,56059,Germany,"Engineer, land",001-380-385-5053x04452,williamlowe@powers.com
CUST0487,40,Male,89569,Germany,Systems analyst,+1-527-652-6975x936,brownrobert@tyler-davis.net
CUST0488,26,Female,37087,Germany,Cytogeneticist,145.594.7259x7424,oliverjustin@holland-williams.com
CUST0489,29,Male,25704,Spain,"Buyer, retail",(477)520-3899,ryan57@gmail.com
CUST0490,18,Male,80576,France,"Scientist, research (life sciences)",(551)513-1244,bmadden@hotmail.com
CUST0491,18,Male,93384,Spain,Textile designer,001-545-022-8795x363,jenniferhahn@rivera.com
CUST0492,64,Male,107128,Germany,Legal executive,+1-939-417-8257x6218,saracruz@yahoo.com
CUST0493,51,Female,92460,Spain,Public librarian,245.140.6707x52158,timothyevans@clark.net
CUST0494,49,Female,47208,France,Museum/gallery exhibitions officer,788-816-3514x86502,mollynichols@horton.com
CUST0495,65,Male,105150,France,"Designer, multimedia",056-533-7228x5239,raymondconrad@gmail.com
CUST0496,42,Male,86024,Germany,Editorial assistant,(640)061-7477x270,judithwright@collins.com
CUST0497,57,Male,59882,Germany,"Engineer, automotive",001-001-236-6087x22690,tgrant@lam-miller.com
CUST0498,62,Male,45923,Spain,Public relations account executive,+1-091-677-9327x337,murphymichael@yahoo.com
CUST0499,18,Male,49165,Germany,"Social research officer, government",001-341-776-8154x711,heather88@walker.com
CUST0500,33,Male,87203,Germany,Logistics and distribution manager,(546)703-9698x147,mendozajason@hotmail.com
CUST0501,56,Female,111749,France,Chief Strategy Officer,(081)139-5061x507,martinezcheryl@daniel-mosley.com
CUST0502,22,Male,24114,Germany,"Horticulturist, amenity",135.348.4024x109,amymartinez@gmail.com
CUST0503,39,Female,84965,Germany,"Education officer, community",9007280385,srivera@ramirez-soto.com
CUST0504,46,Female,56321,France,Child psychotherapist,675.765.3603x3857,jameslawrence@kelly-holmes.com
CUST0505,20,Male,93297,France,"Pharmacist, hospital",001-765-950-5456,stephenyang@vasquez.com
CUST0506,29,Female,116652,Spain,Child psychotherapist,(158)232-1814,gmelton@hoffman.com
CUST0507,43,Female,119304,Germany,Ambulance person,+1-848-687-6724x8413,wernermonica@garcia.com
CUST0508,33,Female,45426,France,Trade union research officer,977-954-4448x121,josephpierce@mendoza-robbins.com
CUST0509,68,Female,37772,Spain,Immunologist,336.711.8107x04691,laura30@johnson.biz
CUST0510,54,Female,23712,Spain,Air traffic controller,001-125-292-0643x75197,alexisrogers@hotmail.com
CUST0511,39,Female,21367,Germany,"Doctor, hospital",7022295336,ngordon@jimenez.com
CUST0512,46,Male,111736,Germany,Television/film/video producer,+1-648-075-4144x70502,thomassanders@malone-clark.com
CUST0513,31,Female,71924,Spain,"Sales professional, IT",547-055-9791x30341,kristin61@wilson.org
CUST0514,45,Female,23726,France,Clinical cytogeneticist,(571)248-5338,jlee@gmail.com
CUST0515,22,Female,109152,Spain,Museum/gallery conservator,467.226.5207x5833,gravesrobert@barton-avila.biz
CUST0516,64,Male,47723,Germany,Interpreter,001-783-513-0706,jeremychaney@hotmail.com
CUST0517,66,Female,29108,France,"Designer, ceramics/pottery",457.183.3801x71670,becknathaniel@gmail.com
CUST0518,47,Male,97714,France,"Clinical scientist, histocompatibility and immunogenetics",(284)692-8188x437,carrillodiamond@cole-stafford.com
CUST0519,63,Female,55643,Spain,Architectural technologist,(338)436-6704x707,vcardenas@fisher.com
CUST0520,69,Male,51324,Germany,Manufacturing systems engineer,863-739-6387,johnespinoza@gmail.com
CUST0521,22,Male,103360,Spain,"Lecturer, further education",(878)485-8289x51223,terri52@hotmail.com
CUST0522,29,Female,28927,Spain,Print production planner,2529541259,codylee@johnson-bailey.biz
CUST0523,33,Female,113680,Spain,Advice worker,001-937-402-0493x428,moraleskaitlyn@ortiz.net
CUST0524,43,Male,116546,France,"Surveyor, planning and development",779.696.0081,david85@butler-love.info
CUST0525,43,Female,42443,France,Records manager,321.244.0600x1362,tracey76@jones.com
CUST0526,65,Male,99973,Germany,"Engineer, mining",152-623-9063,evansedward@smith-martin.com
CUST0527,38,Male,83449,Germany,"Scientist, research (life sciences)",(247)314-3631,breed@yahoo.com
CUST0528,56,Male,96743,Spain,"Engineer, technical sales",6322718209,charlesbarron@herrera.com
CUST0529,53,Male,80233,Spain,Outdoor activities/education manager,9600153866,shirley32@hotmail.com
CUST0530,50,Male,45537,Spain,Advertising account planner,001-879-657-2430x27176,ashleycampbell@gmail.com
CUST0531,47,Female,97576,Germany,"Therapist, nutritional",(603)027-2325x130,zhogan@evans.com
CUST0532,54,Male,42612,France,"Surveyor, mining",263.441.1847x080,smithrichard@fernandez.biz
CUST0533,40,Male,113977,France,Child psychotherapist,+1-557-492-4943x5317,susanwright@herrera.com
CUST0534,27,Female,26471,Spain,"Programme researcher, broadcasting/film/video",001-903-311-8098x4490,kimberly10@hotmail.com
CUST0535,22,Male,55631,Spain,Radiation protection practitioner,482.578.3481,smithanthony@goodman.net
CUST0536,53,Female,112059,Spain,Chemical engineer,+1-728-935-9974x6427,mfrederick@yahoo.com
CUST0537,51,Female,51348,Spain,"Scientist, water quality",+1-503-242-8684x51908,ann18@richardson.biz
CUST0538,69,Female,84732,Germany,"Education officer, community",617-563-1503x2932,toddreed@boyd.info
CUST0539,48,Male,21177,France,"Buyer, industrial",560.859.9712x26320,shane07@yahoo.com
CUST0540,27,Male,24760,Spain,Metallurgist,136.303.1605x714,emyers@gmail.com
CUST0541,36,Male,52779,Germany,"Engineer, mining",(607)827-8214x48838,fhall@adams.net
CUST0542,49,Female,41636,Spain,"Teacher, secondary school",+1-016-365-3163x04275,tristanmarsh@decker.com
CUST0543,18,Male,101889,Spain,Information systems manager,+1-316-644-6159x666,andrea02@hotmail.com
CUST0544,22,Female,73551,France,Haematologist,(867)615-2106,slong@walters.com
CUST0545,62,Male,31556,Spain,Patent examiner,(622)715-1920x508,cheryl82@gmail.com
CUST0546,21,Female,47598,France,Heritage manager,001-385-420-9794,kara83@gonzalez.com
CUST0547,33,Male,31563,France,Immunologist,+1-708-521-0206x63400,anthony84@gmail.com
CUST0548,41,Male,66819,France,Field trials officer,001-195-285-6926x3944,daniel50@dixon.com
CUST0549,33,Male,93770,Germany,Audiological scientist,(658)498-0184,agarcia@hotmail.com
CUST0550,19,Female,111055,Germany,Occupational therapist,980-725-0322,ilopez@hotmail.com
CUST0551,66,Female,46966,France,Research scientist (medical),+1-863-472-6383x320,thayes@garner-jackson.com
CUST0552,45,Male,101709,Spain,"Engineer, land",420-044-3669x16517,alex54@hendrix.com
CUST0553,49,Male,79889,France,Product designer,392-040-4656,jaime23@kemp.com
CUST0554,44,Female,46987,Spain,Theatre stage manager,(911)307-0125,jessica33@crawford.net
CUST0555,37,Female,98714,France,Government social research officer,001-564-030-6582x92327,aprilyu@yahoo.com
CUST0556,41,Female,78348,Spain,Medical illustrator,965.149.1067,matthew64@gmail.com
CUST0557,29,Male,44596,Germany,Maintenance engineer,+1-703-620-4835x097,mark25@osborne-wilkinson.com
CUST0558,67,Female,53174,Spain,Research scientist (physical sciences),6544182335,jasonhernandez@fisher-gonzales.com
CUST0559,52,Male,84106,France,Veterinary surgeon,(198)923-8870x28050,jimmy00@robinson.org
CUST0560,50,Female,89967,Germany,Planning and development surveyor,(002)642-4034x78590,twest@mathis.info
CUST0561,50,Male,79182,Spain,Chartered legal executive (England and Wales),947.550.6382x4132,ujones@gmail.com
CUST0562,68,Female,113300,Spain,Chartered certified accountant,(606)850-7290x1684,martinezcaitlin@gmail.com
CUST0563,60,Female,107163,Spain,Learning mentor,997.190.2944,ipennington@becker.com
CUST0564,54,Female,59310,Spain,Colour technologist,+1-655-959-4923,mbell@yahoo.com
CUST0565,29,Female,76088,Spain,"Engineer, land",+1-212-123-0915x50892,gabrielle84@figueroa.biz
CUST0566,20,Female,28906,Germany,"Development worker, international aid",053.357.8494,mercadobrittney@gmail.com
CUST0567,18,Male,56914,Germany,Special effects artist,001-699-023-8670x257,tatealexa@yahoo.com
CUST0568,50,Female,65379,Germany,Hydrographic surveyor,6575537168,dmoore@turner.com
CUST0569,57,Female,98612,Germany,Dramatherapist,(980)751-3111x38480,vroberts@finley-thompson.biz
CUST0570,27,Female,57650,France,Publishing rights manager,892.591.3666,rbest@elliott-rice.net
CUST0571,60,Male,66881,Germany,Musician,778-331-5831x1888,cheryl83@gmail.com
CUST0572,61,Female,66413,Spain,Astronomer,462.188.3034x081,robert52@gmail.com
CUST0573,46,Male,26012,Spain,"Conservation officer, historic buildings",715-611-5241x62381,suttonrobert@hotmail.com
CUST0574,30,Female,70115,Germany,Clinical psychologist,001-897-538-6419x55957,vanessa80@yahoo.com
CUST0575,29,Female,27151,Spain,Barista,(933)317-7695,gonzalesrickey@murphy.net
CUST0576,48,Male,77716,Germany,"Programmer, multimedia",753-861-6430x2841,phillipstyler@yahoo.com
CUST0577,63,Female,113747,Spain,"Lecturer, higher education",+1-067-246-4807x528,ronald72@phillips.com
CUST0578,19,Male,112653,France,Horticultural therapist,+1-457-493-3913x171,rhenderson@logan-lopez.com
CUST0579,68,Male,56378,France,Public librarian,494-925-8492x129,bakertara@perez.com
CUST0580,67,Female,62652,Germany,Trading standards officer,273-376-4891x37816,perezrichard@hotmail.com
CUST0581,52,Male,92430,Germany,Armed forces operational officer,805-100-7509x885,paige40@patterson.com
CUST0582,40,Female,33467,Germany,Translator,(150)123-7708x5899,qmclaughlin@yahoo.com
CUST0583,34,Female,51010,Spain,Pensions consultant,837.842.2206x99650,andrewcarroll@jordan.com
CUST0584,43,Male,74691,Germany,Retail manager,+1-704-188-8534x98175,sosamichael@gmail.com
CUST0585,25,Male,84157,France,Mudlogger,167-113-3235,lukemckenzie@ward.com
CUST0586,46,Male,32289,Spain,Minerals surveyor,001-264-647-0782x1792,davidrobinson@figueroa.biz
CUST0587,43,Male,64976,Germany,Energy manager,(627)348-6708,michael26@hotmail.com
CUST0588,27,Female,63596,Spain,Equality and diversity officer,001-609-913-2657x4467,bjones@ruiz-reyes.net
CUST0589,43,Female,43171,Spain,Brewing technologist,(263)791-1950x4770,mitchelldaniel@yahoo.com
CUST0590,51,Male,106365,Germany,Public affairs consultant,(708)090-3772x0655,jessewarren@gmail.com
CUST0591,68,Female,119590,Spain,Clinical biochemist,3116510539,khayes@hotmail.com
CUST0592,58,Female,64139,France,"Psychologist, prison and probation services",651-003-5393x267,braunjon@yahoo.com
CUST0593,24,Female,68713,France,Toxicologist,180.573.1965x711,shawnberger@yahoo.com
CUST0594,21,Female,49734,Spain,Sport and exercise psychologist,(581)146-7452,kevin26@gmail.com
CUST0595,67,Male,92588,Germany,"Horticulturist, amenity",+1-498-184-6108x162,katie21@gmail.com
CUST0596,62,Male,83646,Spain,Corporate treasurer,001-409-136-2669x44705,hansenchristopher@davis.com
CUST0597,28,Female,23654,France,Land/geomatics surveyor,+1-286-017-3639x5611,seanacosta@hotmail.com
CUST0598,46,Male,109022,Spain,Chief Marketing Officer,001-155-520-2714,yolandabates@yahoo.com
CUST0599,53,Male,38743,Spain,"Physicist, medical",001-712-640-7489,alewis@english.com
CUST0600,42,Male,68368,France,Aid worker,+1-186-563-5951x8692,rtyler@gmail.com
CUST0601,38,Female,110025,Spain,"Psychologist, prison and probation services",763-636-6213x284,rebeccapayne@hotmail.com
CUST0602,53,Female,94172,Spain,Radiation protection practitioner,124-447-1409,seanchang@gmail.com
CUST0603,27,Female,26441,Germany,"Production assistant, radio",596.160.1190,rebeccapalmer@christensen.com
CUST0604,54,Male,44611,Germany,"Engineer, petroleum",(205)494-5512,jonescarl@yahoo.com
CUST0605,26,Female,32149,France,Audiological scientist,600-122-8301x571,cameronkimberly@arnold.com
CUST0606,41,Female,79189,France,"Engineer, drilling",(452)360-2875x7657,james49@hotmail.com
CUST0607,52,Male,41675,France,Community pharmacist,001-347-909-2463,stephen77@hotmail.com
CUST0608,66,Female,91031,Germany,Physiological scientist,756-903-6774,josemeyer@oliver.com
CUST0609,52,Female,62668,France,Museum/gallery exhibitions officer,512-018-0333,anne04@gmail.com
CUST0610,65,Male,33673,France,Geophysical data processor,478.212.7298x4796,henryevan@gonzalez.com
CUST0611,53,Male,96666,France,Tax inspector,(137)733-2497,michael44@hotmail.com
CUST0612,35,Male,108204,Germany,"Surveyor, mining",+1-785-763-8376x7217,joe08@fisher-luna.org
CUST0613,66,Female,100758,Spain,Ambulance person,883.467.1045x154,thartman@perez.com
CUST0614,56,Female,85429,France,Manufacturing engineer,1233240050,costakevin@yahoo.com
CUST0615,49,Female,43669,Spain,Sports administrator,994-450-8268,mayssamantha@yahoo.com
CUST0616,41,Male,54068,France,Company secretary,001-856-979-4762,zwhite@murray.com
CUST0617,40,Male,108789,Spain,"Scientist, research (physical sciences)",(736)523-0067x273,khendrix@cortez.com
CUST0618,49,Female,29435,Germany,Science writer,318.321.2600,smithkathryn@franco.com
CUST0619,54,Female,114088,Germany,Recruitment consultant,(659)957-8956x7935,mark64@hotmail.com
CUST0620,29,Male,72249,France,"Programmer, applications",603.257.2358,zdavis@yahoo.com
CUST0621,66,Male,57384,Spain,Aeronautical engineer,649-217-4093,kbrooks@hotmail.com
CUST0622,30,Male,101929,Germany,"Engineer, manufacturing systems",(001)925-9996x3557,kimberlyjames@brewer-scott.com
CUST0623,40,Male,96153,France,Meteorologist,399-106-1760,sellersstephen@hotmail.com
CUST0624,42,Female,95388,France,Film/video editor,987.445.4747x0259,tharris@jacobs-cordova.info
CUST0625,52,Male,51401,Germany,Garment/textile technologist,233.147.0121x9982,hansenjane@mccoy.org
CUST0626,58,Female,91831,Germany,"Surveyor, insurance",118.424.8882,john28@gmail.com
CUST0627,47,Female,54084,France,Forest/woodland manager,001-144-154-6154x9800,stacy90@hotmail.com
CUST0628,34,Female,75826,Spain,Environmental consultant,001-800-719-6532x845,kellychad@tran.org
CUST0629,66,Male,56451,Spain,Licensed conveyancer,+1-277-780-8146x9535,jrogers@yahoo.com
CUST0630,37,Male,27227,Spain,Fast food restaurant manager,747.232.9684x363,cbailey@kennedy-wood.net
CUST0631,65,Male,51910,France,Network engineer,(529)503-4054,callahanamber@watkins.com
CUST0632,42,Male,56041,Germany,Higher education lecturer,742.500.4940,ingrambill@myers.info
CUST0633,39,Female,108920,France,Office manager,+1-392-316-3469x75752,cochranmichelle@peterson.com
CUST0634,30,Male,85681,Germany,Scientific laboratory technician,089-249-6047,kbaker@hall-dixon.info
CUST0635,36,Male,101571,Spain,"Pilot, airline",(430)706-0470,nathan18@hotmail.com
CUST0636,66,Female,85481,Spain,"Engineer, civil (consulting)",001-207-427-3113x3440,sharon82@yahoo.com
CUST0637,53,Male,88576,Germany,Art therapist,283-947-1003,jackjackson@gmail.com
CUST0638,29,Female,84174,Germany,Counsellor,(955)224-3779x018,timothysanchez@smith-nguyen.info
CUST0639,58,Female,46160,France,TEFL teacher,+1-009-956-7936x57528,xbarnes@perez-charles.biz
CUST0640,36,Female,37633,Spain,Interior and spatial designer,6750126388,amystewart@hotmail.com
CUST0641,29,Female,114880,France,Nature conservation officer,626-363-8877,rebecca52@salas.com
CUST0642,26,Female,37014,France,Air traffic controller,+1-311-976-0612,timothy00@gmail.com
CUST0643,24,Female,100532,France,Podiatrist,165-211-2053x918,navarroangela@davis-valencia.com
CUST0644,45,Female,69104,Spain,"Sales professional, IT",766.674.0115,robinsoncheryl@hotmail.com
CUST0645,31,Female,61621,France,Radio broadcast assistant,(085)939-4120,stacycollins@contreras.com
CUST0646,48,Male,97231,France,"Engineer, technical sales",387.820.6166,tbenson@carpenter.net
CUST0647,69,Male,88388,France,"Engineer, maintenance",(473)481-0635,crystal81@hotmail.com
CUST0648,36,Male,36014,France,"Buyer, retail",(699)690-5824x645,zachary63@gmail.com
CUST0649,64,Male,112578,France,Science writer,+1-831-285-0735x316,brucehamilton@santos-weber.info
CUST0650,33,Female,53755,France,Insurance account manager,(078)319-2275,grahamthomas@smith.com
CUST0651,22,Male,60390,Spain,Electronics engineer,001-577-195-9850x96776,tcooper@hotmail.com
CUST0652,52,Female,43711,France,"Merchandiser, retail",(237)455-1978,melissa59@cruz.com
CUST0653,29,Male,111658,Germany,Chiropodist,710.493.3272,hoopercassandra@jacobs-martin.info
CUST0654,42,Male,77993,France,Retail buyer,892-630-7010,hholt@steele.com
CUST0655,69,Male,94696,France,"Surveyor, building",(431)106-4591x35227,dana94@williams.com
CUST0656,38,Female,47213,Spain,Clinical psychologist,(526)076-6785x512,ccase@martin.com
CUST0657,53,Male,77784,Spain,"Engineer, civil (consulting)",446-080-1647,deancaitlyn@salinas-jackson.net
CUST0658,40,Female,27421,Germany,Haematologist,329.285.0313x102,tking@shaw.biz
CUST0659,33,Female,106936,Germany,Broadcast journalist,997-813-5897,michael49@larson-hanson.org
CUST0660,56,Male,119073,Spain,Maintenance engineer,(636)517-6748x013,houstontroy@gmail.com
CUST0661,62,Male,37727,Spain,"Copywriter, advertising",(981)568-9246x9551,marquezemily@gmail.com
CUST0662,59,Male,24358,France,"Lecturer, higher education",974.372.6523x08326,freemanangela@pennington.net
CUST0663,56,Female,85108,Spain,Trade union research officer,+1-535-578-1690,mrodriguez@smith-davis.info
CUST0664,31,Male,114018,Germany,Interior and spatial designer,(773)615-8500x5506,xjohnson@brown-perry.info
CUST0665,48,Female,52117,France,"Engineer, biomedical",(741)935-6276x69413,qsantana@benson.com
CUST0666,22,Female,108700,Germany,"Research officer, government",001-818-947-1114x3015,gonzalesautumn@yahoo.com
CUST0667,52,Male,51910,France,Outdoor activities/education manager,001-029-605-3238x3178,hcrawford@gmail.com
CUST0668,40,Male,118032,Spain,Technical brewer,+1-917-738-7200,smithscott@hotmail.com
CUST0669,46,Female,75754,Germany,Fine artist,690.058.4728x47664,murrayjoshua@newton.com
CUST0670,60,Female,82438,France,"Engineer, biomedical",243-508-8465x710,haileypeters@hotmail.com
CUST0671,28,Female,49371,France,Science writer,(714)105-2674x4771,geoffrey72@gmail.com
CUST0672,35,Male,71501,Spain,Clinical cytogeneticist,(833)823-0258x15517,landrews@hotmail.com
CUST0673,64,Female,80946,Spain,Clinical embryologist,9720266080,jillallen@hotmail.com
CUST0674,29,Male,58467,Spain,Contractor,+1-718-413-9891x35789,william20@hotmail.com
CUST0675,26,Female,37625,Germany,Amenity horticulturist,878-837-6240,williambrewer@yahoo.com
CUST0676,27,Female,53893,France,Maintenance engineer,425.261.4232,lisarogers@martin-walters.com
CUST0677,61,Male,96329,Spain,"Designer, ceramics/pottery",689-592-6372,sarah62@ross.net
CUST0678,34,Female,51007,Germany,Dramatherapist,+1-579-086-4419x28502,zharper@sanchez.biz
CUST0679,55,Male,111302,Germany,"Solicitor, Scotland",370.687.7100x583,jordancindy@yahoo.com
CUST0680,24,Male,59532,Germany,"Surveyor, mining",039.142.4295x19157,annacastro@collins.net
CUST0681,63,Female,74253,Spain,Oceanographer,001-601-715-2156x47531,brandycollins@gmail.com
CUST0682,30,Male,32323,Spain,Museum/gallery curator,+1-966-450-1183x462,mitchelllewis@gmail.com
CUST0683,57,Male,93379,France,Environmental consultant,+1-356-692-8988x30523,smithlindsay@hotmail.com
CUST0684,59,Female,34210,France,Civil Service fast streamer,658.741.7816,samuellevine@haas.biz
CUST0685,26,Male,36456,Spain,Theatre stage manager,436.759.4156x9230,leonard22@hotmail.com
CUST0686,67,Male,51367,Germany,Ship broker,+1-418-993-8803x65477,richardsanchez@yahoo.com
CUST0687,44,Male,74624,Germany,"Doctor, hospital",776-633-7613,dglenn@wright.org
CUST0688,19,Female,30106,Germany,Herpetologist,787.480.9876x62146,sextonrebecca@hotmail.com
CUST0689,22,Male,88008,France,Clothing/textile technologist,446-997-4882x194,pamelabennett@johnson.com
CUST0690,46,Female,92240,Germany,Homeopath,738-143-4864,qdixon@yahoo.com
CUST0691,54,Female,84315,France,"Embryologist, clinical",(770)218-0237,morgangarcia@yahoo.com
CUST0692,55,Male,89249,France,"Teacher, secondary school",2970844484,josephgalloway@yahoo.com
CUST0693,36,Male,90587,Germany,Physiological scientist,117-580-9325x694,srussell@yahoo.com
CUST0694,25,Male,30756,Germany,Insurance claims handler,001-439-814-6670x640,vazquezchristy@andrews-rogers.com
CUST0695,65,Female,88011,Spain,"Lighting technician, broadcasting/film/video",+1-431-073-8534x00397,mariashepherd@yahoo.com
CUST0696,62,Male,56378,Spain,Fine artist,5805267730,lisa49@baker.info
CUST0697,18,Male,24255,Germany,"Lecturer, higher education",974-023-8322x9359,jamessanchez@chapman.com
CUST0698,39,Male,34484,France,"Scientist, forensic",664-617-5777x19040,john96@gmail.com
CUST0699,69,Male,76549,France,Fitness centre manager,+1-298-760-9039,ohuynh@yahoo.com
CUST0700,34,Male,54503,France,"Investment banker, corporate",001-585-183-2989x252,brittanythomas@hotmail.com
CUST0701,24,Female,93794,France,Call centre manager,001-068-675-0285x7578,robert52@hotmail.com
CUST0702,42,Female,65113,France,"Administrator, arts",806.026.8430,rowemichael@turner.com
CUST0703,62,Male,94069,Spain,Trading standards officer,355.017.4858x17392,chanashley@young.com
CUST0704,21,Male,118117,Germany,Telecommunications researcher,329.915.9579x846,christopher33@cohen.com
CUST0705,53,Male,25249,Spain,Firefighter,001-496-773-0756x24901,santoskyle@peters.com
CUST0706,23,Male,39201,France,Prison officer,844-427-3532x645,andersonnatasha@taylor-miller.net
CUST0707,48,Female,78576,France,Audiological scientist,7890659329,sarah82@peterson.com
CUST0708,36,Male,29686,France,Arts administrator,+1-464-975-2363x9424,sarah45@mercer-frank.com
CUST0709,61,Female,73363,France,Software engineer,936-366-4983,ndominguez@yahoo.com
CUST0710,56,Female,117543,Germany,Naval architect,(665)491-3983,ellen18@hotmail.com
CUST0711,44,Male,20661,France,Landscape architect,(671)934-4826x56118,seanlopez@yahoo.com
CUST0712,27,Female,64843,Germany,Private music teacher,876.387.2026,kingjose@gmail.com
CUST0713,43,Female,115673,France,"Engineer, biomedical",041.474.1494x0932,hayesalex@gmail.com
CUST0714,36,Female,80963,Germany,Landscape architect,131.703.0806x0421,ashleyrodriguez@cox.com
CUST0715,56,Female,62828,Spain,Medical technical officer,466.856.2525,adamsnicole@fischer.info
CUST0716,20,Male,68604,France,"Teacher, adult education",214.428.8758,morantravis@vargas.net
CUST0717,62,Male,30526,Germany,"Geologist, wellsite",497-675-8941x927,flynnlindsey@gmail.com
CUST0718,30,Female,88910,Spain,Water engineer,(374)851-3433,emilyjones@gmail.com
CUST0719,67,Male,45592,France,Civil Service administrator,001-494-174-5061x88016,johnking@gmail.com
CUST0720,45,Male,48982,France,Quarry manager,001-358-701-3482,shannonwhite@morales-chandler.org
CUST0721,37,Male,20207,France,"Engineer, drilling",402-946-3628,livingstonanthony@davis-vasquez.com
CUST0722,45,Male,108733,Germany,Community pharmacist,179-746-3023x6921,kristin85@garcia.net
CUST0723,25,Male,118936,Germany,"Surveyor, insurance",0039871080,qreilly@yahoo.com
CUST0724,58,Female,88619,Spain,Media planner,(469)136-3781,parkermatthew@brooks-crosby.org
CUST0725,56,Male,49328,Germany,Nature conservation officer,654.160.7068x06236,curtiscopeland@gmail.com
CUST0726,18,Male,66479,Germany,Theme park manager,+1-071-174-2839,charlesrobertson@montgomery-bell.com
CUST0727,20,Male,40103,France,Facilities manager,484-554-0022x633,martinerin@turner-bishop.com
CUST0728,30,Male,59891,France,Community arts worker,+1-066-866-1339x6091,tnelson@gmail.com
CUST0729,45,Female,30754,France,Museum/gallery exhibitions officer,001-421-306-6076x943,melissa81@duran-mcdaniel.org
CUST0730,66,Female,119983,France,Insurance account manager,841.902.1543x8423,corey20@gmail.com
CUST0731,42,Female,101437,France,Sports therapist,(595)337-3110x5362,ricky93@ortega-simmons.biz
CUST0732,50,Female,118540,France,Medical illustrator,994.131.0945,barbara49@gmail.com
CUST0733,55,Male,92982,France,Chief Strategy Officer,306.481.3703,xsanchez@wilson.com
CUST0734,23,Female,75922,Spain,Health visitor,001-525-870-8089x217,ulove@gmail.com
CUST0735,61,Male,68231,Spain,Chief Executive Officer,+1-152-557-4408x6254,ballardmelissa@gmail.com
CUST0736,62,Male,49301,Spain,"Education officer, environmental",2497191214,pglenn@gmail.com
CUST0737,49,Male,111652,Spain,Aeronautical engineer,802-712-5184,scottpruitt@campos.com
CUST0738,62,Male,82711,France,Charity fundraiser,001-061-777-5807x533,dsalazar@gmail.com
CUST0739,64,Male,61323,Spain,Research scientist (physical sciences),384-747-0467,zachary34@santos.com
CUST0740,38,Female,38752,France,"Scientist, product/process development",(333)507-6489x909,frazierchristopher@brock.com
CUST0741,33,Female,117912,Spain,Forensic psychologist,053-562-1749x53952,robertsedward@gmail.com
CUST0742,38,Female,102205,Germany,"Doctor, hospital",+1-066-132-9022x71327,erika59@young.com
CUST0743,28,Female,118452,Spain,"Geologist, engineering",301-050-2557x4225,robertmullins@green.com
CUST0744,54,Male,33395,Spain,Advice worker,(520)391-3002x9451,andersonrobert@gmail.com
CUST0745,53,Female,105957,France,Immigration officer,303-622-5325x1574,oliverjerry@nelson.com
CUST0746,52,Male,76273,Spain,Physiological scientist,001-627-220-7627x2949,chris62@gmail.com
CUST0747,36,Female,111878,Germany,Town planner,+1-738-492-0622,andrea22@hamilton-brown.com
CUST0748,37,Male,24895,France,Lobbyist,(911)228-1373x969,parkersarah@hotmail.com
CUST0749,35,Male,96559,France,Engineering geologist,7641930285,jasonfrazier@yahoo.com
CUST0750,64,Female,30699,Spain,Occupational psychologist,+1-166-886-3073x62652,fglass@miranda-mcdonald.com
CUST0751,58,Male,85061,France,Radio producer,371.880.7726,colecarla@yahoo.com
CUST0752,66,Male,29715,France,Armed forces technical officer,684-926-4150,tiffany22@gmail.com
CUST0753,31,Female,39169,France,Diagnostic radiographer,871.103.9535,kevin28@yahoo.com
CUST0754,32,Male,36163,France,"Programmer, systems",290-014-9852x30049,ohill@briggs-campbell.net
CUST0755,48,Female,25782,France,"Designer, interior/spatial",888-059-1523x349,kelly59@moore-wong.com
CUST0756,18,Female,108177,France,Production engineer,(574)612-5317,lisa50@miller.org
CUST0757,20,Female,104328,Germany,Haematologist,+1-493-364-9206x722,mmcmahon@barnes.com
CUST0758,33,Male,55585,Spain,Actuary,146.008.5948x94773,carmstrong@gmail.com
CUST0759,40,Male,50682,Germany,Farm manager,+1-376-002-4195x766,lynchrachel@yahoo.com
CUST0760,28,Male,67864,France,Community education officer,(115)346-1317x736,monica34@russell-swanson.com
CUST0761,29,Female,104416,France,Communications engineer,429-494-6549,faulknerdavid@gmail.com
CUST0762,27,Male,75114,Spain,"Conservation officer, historic buildings",366-620-1103x835,keith87@yahoo.com
CUST0763,49,Female,58067,Germany,Herpetologist,089.388.2164,diane61@gmail.com
CUST0764,33,Female,62685,Spain,"Buyer, industrial",001-467-075-9872x1981,aperkins@hotmail.com
CUST0765,25,Male,38073,Germany,"Psychologist, forensic",9873251770,mariajacobs@smith-anderson.com
CUST0766,55,Female,56035,France,"Engineer, structural",+1-862-141-4129,robertchavez@hotmail.com
CUST0767,29,Male,84977,Spain,"Production assistant, television",(863)202-6365,nathanvelazquez@yahoo.com
CUST0768,41,Male,110373,Spain,Public relations account executive,001-509-976-7230x8049,jessicawilliams@larson-daniel.org
CUST0769,45,Male,103362,France,Textile designer,+1-529-927-7226x124,ogarcia@yahoo.com
CUST0770,25,Male,110517,Spain,Advertising account executive,183-909-6462x828,christina46@hotmail.com
CUST0771,45,Male,85450,Germany,"Accountant, chartered",001-551-893-6727x644,farmervincent@gmail.com
CUST0772,53,Female,30382,Germany,Warden/ranger,942-048-9166,wjohnson@gmail.com
CUST0773,43,Female,24437,Germany,"Sales professional, IT",754.355.9647,acampbell@osborne.com
CUST0774,25,Female,90971,Germany,Neurosurgeon,001-102-981-9304x04984,ashleyalvarez@gmail.com
CUST0775,67,Male,84612,France,Clinical psychologist,212.488.6747,jenniferhudson@jimenez.biz
CUST0776,45,Male,110355,Spain,"Optician, dispensing",880.322.5933,lsnyder@hotmail.com
CUST0777,45,Male,81929,Germany,"Psychologist, occupational",016-997-1232,lopezdillon@hunter.org
CUST0778,54,Female,117518,France,Oncologist,+1-478-106-2798x812,johngentry@smith.com
CUST0779,58,Male,118864,Spain,"Pilot, airline",788-987-9274x50374,eriktorres@cunningham-little.com
CUST0780,53,Female,32329,Spain,"Surveyor, planning and development",+1-863-874-8126,jesse93@holt.com
CUST0781,44,Female,45169,France,Newspaper journalist,(507)967-3604,nicholasbowman@yahoo.com
CUST0782,34,Male,107468,France,Forensic psychologist,001-351-284-6267x34966,carrcaroline@ramirez-coffey.com
CUST0783,26,Male,54594,Germany,Pension scheme manager,543.523.3358x9471,lphelps@mejia.com
CUST0784,50,Female,96957,Spain,Dramatherapist,001-730-201-4351x9691,ewoods@yahoo.com
CUST0785,37,Male,80631,Spain,"Sound technician, broadcasting/film/video",742.677.1192,brownjonathan@cox.com
CUST0786,30,Female,65033,France,Animal technologist,(680)062-2913x755,chad07@sanchez.com
CUST0787,45,Male,83133,Spain,Technical author,354-404-2198,jaredgolden@gmail.com
CUST0788,65,Male,93165,Germany,Physiological scientist,(298)694-7640,bradley00@hotmail.com
CUST0789,46,Female,93861,Spain,"Librarian, public",(888)588-9439x1322,jordan66@mcmillan.biz
CUST0790,30,Male,72290,France,Translator,(023)078-4586x8855,patelelizabeth@hotmail.com
CUST0791,63,Female,114031,France,Outdoor activities/education manager,350-729-3691x03927,nataliejordan@tran.com
CUST0792,52,Male,51750,Germany,Furniture designer,136-069-3996,michael53@norton.net
CUST0793,23,Female,115155,Germany,Teaching laboratory technician,343-725-2880x13770,schultzkatherine@gmail.com
CUST0794,35,Female,60461,Spain,Emergency planning/management officer,068-239-5749x348,lindsay85@henson.com
CUST0795,68,Male,93800,Spain,Facilities manager,+1-907-911-2557,rojaskatie@davis-avila.com
CUST0796,22,Female,98222,France,Mechanical engineer,832.439.2674x949,jodythompson@yahoo.com
CUST0797,64,Male,44226,Germany,Equities trader,474.759.1698x299,ohughes@crawford-anderson.biz
CUST0798,42,Male,26721,Germany,Television production assistant,001-776-983-1628x320,adam31@gmail.com
CUST0799,19,Male,76154,Germany,Osteopath,185.524.8884x550,colepaula@munoz.org
CUST0800,27,Female,40609,Spain,Fisheries officer,001-768-961-0128x777,michael89@mathis.net
CUST0801,47,Female,72130,Germany,"Scientist, physiological",6386208765,denise60@yahoo.com
CUST0802,67,Male,92909,France,Technical brewer,586.020.8060x82977,coxgina@yahoo.com
CUST0803,62,Male,75249,France,"Nurse, learning disability",+1-984-982-8025x11906,dillonnathan@dodson.com
CUST0804,22,Female,68895,Spain,Hotel manager,001-172-668-3802x683,seanpeters@ayala.com
CUST0805,50,Male,114473,Spain,Contracting civil engineer,(744)908-2850x22472,seangibson@yahoo.com
CUST0806,18,Male,25656,Germany,Professor Emeritus,+1-572-159-9399x11526,kendra85@nelson-anderson.com
CUST0807,35,Female,94520,Spain,"Nurse, adult",5171899299,linda83@gmail.com
CUST0808,49,Male,83740,France,Research scientist (physical sciences),001-592-020-4487,brockphilip@hotmail.com
CUST0809,64,Female,84309,Germany,"Physicist, medical",079.432.5563x48035,edward37@yahoo.com
CUST0810,66,Male,49984,France,Furniture conservator/restorer,001-827-082-3036x690,ryan61@chang.com
CUST0811,28,Female,93822,Germany,Clinical embryologist,(229)433-0581x6115,dianetorres@kirby-mcgee.info
CUST0812,38,Male,25901,Spain,"Engineer, agricultural",293-567-4743,marysmith@klein.info
CUST0813,43,Male,51552,Germany,Optometrist,001-940-220-4368x509,vanessa05@tapia.biz
CUST0814,42,Female,111245,Germany,IT technical support officer,(932)117-9015,torresmichael@evans-howard.com
CUST0815,39,Male,51055,France,Operational researcher,800-677-0101x7410,gellis@chen-wang.biz
CUST0816,44,Female,57685,France,Patent attorney,5048894134,rachelramirez@daniels.net
CUST0817,66,Male,93965,Germany,Psychiatrist,508.855.5098x5669,mario63@gmail.com
CUST0818,30,Female,34716,Spain,Clinical biochemist,821.742.5421,leeantonio@yahoo.com
CUST0819,50,Female,31138,Spain,Systems analyst,993.291.9143x71976,yford@gmail.com
CUST0820,51,Female,55298,France,Civil Service fast streamer,+1-527-142-1950x41811,allisonsmith@gmail.com
CUST0821,58,Female,71112,Spain,Microbiologist,508.308.0254x24169,banksscott@robertson.com
CUST0822,52,Male,43429,France,"Psychotherapist, child",+1-468-496-3611,jesse81@costa.com
CUST0823,18,Male,70200,Spain,"Therapist, occupational",884.551.1872x429,kimwilliams@ball-hodge.com
CUST0824,38,Female,91308,Germany,Armed forces technical officer,+1-314-275-0911x8499,samantha45@wise-holland.com
CUST0825,65,Female,68244,France,"Librarian, public",068.316.9148,sara05@joyce.com
CUST0826,23,Female,37347,France,Diplomatic Services operational officer,328.710.8409x382,julia49@yahoo.com
CUST0827,45,Male,36920,Germany,"Geneticist, molecular",648.891.4930,richard95@gmail.com
CUST0828,34,Male,51822,France,Insurance claims handler,001-142-048-7880x7317,christopherparsons@sanders.info
CUST0829,22,Male,66659,Spain,Financial controller,693-297-6992,john37@robinson.info
CUST0830,48,Male,60108,Spain,Careers adviser,(253)562-2044x4093,bryce36@lee.com
CUST0831,22,Female,109099,France,Printmaker,016-176-7851x370,jacobcummings@yahoo.com
CUST0832,55,Female,27967,Spain,English as a second language teacher,248-119-1868x052,seanwhite@gmail.com
CUST0833,20,Female,31871,France,Holiday representative,8129305656,vickiedavis@howell.info
CUST0834,40,Male,114299,Germany,Health and safety inspector,(720)024-3500,leejustin@yahoo.com
CUST0835,54,Male,97452,France,Nutritional therapist,001-481-941-1528x61186,riveramichael@yahoo.com
CUST0836,54,Male,94270,Germany,"Engineer, structural",001-732-538-9494x0558,mbryant@hunt-alexander.com
CUST0837,27,Female,53613,Spain,Information officer,001-293-840-0226x98275,jeffreybell@boyd-mcdonald.biz
CUST0838,27,Female,48179,Germany,"Programme researcher, broadcasting/film/video",2804228041,zwebb@alvarado.net
CUST0839,36,Male,72188,Spain,Tour manager,4051109275,rhonda67@hotmail.com
CUST0840,34,Female,75099,France,"Radiographer, therapeutic",6249773477,brianreynolds@hotmail.com
CUST0841,38,Male,55262,Spain,Multimedia specialist,725-444-3097,davidsonmarie@yahoo.com
CUST0842,31,Male,98213,France,Film/video editor,(688)137-1057,tammy56@brown.com
CUST0843,26,Female,38268,France,Medical laboratory scientific officer,300-148-7685x7461,murraymallory@yahoo.com
CUST0844,63,Male,97866,Germany,Furniture designer,(220)499-7325,wmiddleton@martinez.info
CUST0845,18,Female,106269,Germany,Exercise physiologist,685-734-2717,aaronchapman@yahoo.com
CUST0846,68,Male,80545,Germany,"Psychologist, prison and probation services",+1-431-994-8355,hollyblackburn@hotmail.com
CUST0847,62,Female,112822,Germany,Chemical engineer,006.870.1803x6300,phillip30@kelley.com
CUST0848,30,Female,92146,Spain,"Scientist, research (medical)",+1-804-519-0434,brandonwells@wright-osborne.org
CUST0849,21,Female,91966,Spain,Farm manager,200.936.7365x78666,ebrown@yahoo.com
CUST0850,18,Male,59922,Spain,Radio broadcast assistant,001-338-848-2100x98461,alansmith@obrien-davis.biz
CUST0851,66,Male,99364,France,"Producer, television/film/video",+1-393-570-2365x400,nlang@yahoo.com
CUST0852,57,Female,62913,Spain,Energy engineer,(027)190-9498,wadevalerie@gmail.com
CUST0853,49,Female,117033,Spain,Estate agent,(372)896-3235,wilsondarlene@yahoo.com
CUST0854,51,Male,75677,Spain,Travel agency manager,5725350914,palmerlauren@ochoa.com
CUST0855,45,Male,69841,Germany,"Research officer, trade union",682-364-5872x2674,wheelerisaac@gmail.com
CUST0856,48,Male,66332,Spain,Printmaker,228-930-6820x8095,bradleycox@gmail.com
CUST0857,25,Female,112062,France,Restaurant manager,+1-527-594-2590,jason88@yahoo.com
CUST0858,56,Male,115694,Germany,Chief Financial Officer,243.572.8277,ujones@malone.com
CUST0859,43,Male,45032,France,Structural engineer,762-739-0256,albertgeorge@gmail.com
CUST0860,51,Female,57846,Spain,Seismic interpreter,(818)038-7544x007,millerpenny@hotmail.com
CUST0861,20,Male,79474,Germany,Environmental health practitioner,(831)075-0140x392,jacqueline05@yates.com
CUST0862,67,Male,64936,France,Regulatory affairs officer,+1-977-151-2031x1342,nphelps@baldwin.biz
CUST0863,29,Male,49794,Spain,"Geneticist, molecular",104.700.1213x31799,karenmartin@gmail.com
CUST0864,18,Female,81588,France,"Lighting technician, broadcasting/film/video",756.747.2507x958,abigailnewton@barajas-gonzales.com
CUST0865,61,Female,90984,France,"Engineer, mining",(588)505-4800,gperez@rodriguez-hill.com
CUST0866,22,Female,70331,France,Multimedia specialist,001-031-648-5911x91830,brian55@may-molina.info
CUST0867,47,Female,114397,Spain,Clinical molecular geneticist,164-662-8955x590,hernandezsteven@gmail.com
CUST0868,47,Female,48141,Spain,Logistics and distribution manager,539-557-6196x962,robertsonpamela@hotmail.com
CUST0869,34,Female,29074,France,Graphic designer,423.966.4615x1304,leahjames@yahoo.com
CUST0870,65,Female,26406,Germany,Research scientist (maths),(552)544-6023,imiller@cox.info
CUST0871,64,Male,117359,Germany,Dealer,001-043-427-2546x870,michelle22@gmail.com
CUST0872,40,Male,43291,Spain,Product designer,001-545-900-9128x5735,qlewis@yahoo.com
CUST0873,32,Female,61568,Spain,Technical sales engineer,549-488-1622x66029,joseph38@yahoo.com
CUST0874,54,Male,117539,Spain,Dispensing optician,001-733-867-6766x0374,andrea00@williamson-bond.com
CUST0875,38,Male,66851,Spain,Call centre manager,+1-100-590-8230x472,ravery@ryan-smith.com
CUST0876,31,Female,119942,Spain,Education administrator,001-798-855-5806x582,jessica80@gmail.com
CUST0877,19,Male,74823,Germany,Translator,001-473-365-2329x815,jennifercraig@yahoo.com
CUST0878,28,Male,43312,Spain,Police officer,(454)168-8646,burnspatrick@long.com
CUST0879,68,Male,63108,France,Records manager,541-149-4163x04572,amandarussell@gmail.com
CUST0880,56,Male,86918,France,"Scientist, research (life sciences)",749.094.9784x550,walshdawn@gmail.com
CUST0881,55,Male,54171,Germany,Clinical molecular geneticist,9880333590,sloanmelanie@jones-odom.org
CUST0882,51,Female,61779,France,"Psychotherapist, dance movement",9919649993,matthewwolf@gmail.com
CUST0883,55,Female,88828,Germany,Actuary,+1-878-910-6116x258,robinpeters@gmail.com
CUST0884,67,Female,118723,Germany,"Teacher, primary school",001-068-199-1403,watsonnichole@hotmail.com
CUST0885,51,Male,32411,France,Facilities manager,001-683-887-5882x572,ariel45@mcdonald-hunt.com
CUST0886,35,Female,77009,Spain,Wellsite geologist,+1-157-950-9987x9237,howardbianca@reynolds.com
CUST0887,47,Male,35422,France,"Programmer, multimedia",649.052.2941,bucksonia@patterson-price.com
CUST0888,32,Male,62468,France,"Programmer, applications",+1-610-121-3830x778,muellerrobert@hotmail.com
CUST0889,44,Male,52371,Germany,Chief Operating Officer,818.410.3275x840,kevin57@thompson.biz
CUST0890,68,Male,77022,France,"Surveyor, quantity",904-403-9420x048,kevinhernandez@dominguez-obrien.org
CUST0891,51,Female,91229,Germany,Legal secretary,(206)789-6645x73580,simpsonryan@yahoo.com
CUST0892,69,Female,119071,Spain,Risk analyst,+1-456-462-9863x0408,tmata@davis.biz
CUST0893,55,Male,71196,Spain,"Designer, exhibition/display",150.185.5721x774,travisphillips@taylor-perez.org
CUST0894,50,Female,100354,Spain,"Buyer, retail",357.018.3200x6419,jesuscoleman@barajas.info
CUST0895,41,Male,116774,France,Product/process development scientist,+1-402-554-8904x5667,edwardrogers@yahoo.com
CUST0896,32,Female,116410,Germany,Medical laboratory scientific officer,(188)640-7983,alexander67@hotmail.com
CUST0897,47,Female,46715,Spain,Catering manager,+1-987-257-3096x897,melissa36@hotmail.com
CUST0898,59,Male,47605,Germany,Lobbyist,465-198-8358x77387,kirk25@hotmail.com
CUST0899,68,Female,119853,Germany,Aid worker,807.921.6373x78939,jeffreymartin@hotmail.com
CUST0900,34,Male,51174,Spain,Intelligence analyst,0395149541,buchanancraig@yahoo.com
CUST0901,22,Female,29956,Spain,Financial manager,356.298.8754x9998,lauren13@wheeler-eaton.com
CUST0902,46,Male,96373,Germany,Environmental manager,(450)894-6365x92231,christina51@wilson-evans.com
CUST0903,21,Male,89252,Spain,Television floor manager,155-792-8698x036,laura62@johnston.com
CUST0904,27,Female,81949,Germany,Podiatrist,233.693.6212,elizabeth70@gmail.com
CUST0905,34,Female,82646,Germany,"Surveyor, building",+1-961-518-7304x27992,daniel42@hotmail.com
CUST0906,27,Male,90017,Spain,"Therapist, speech and language",386.581.8695x936,jmoreno@young.net
CUST0907,34,Female,83037,France,Warehouse manager,+1-689-055-8340x40706,kmoon@hotmail.com
CUST0908,37,Female,109818,Spain,"Accountant, chartered certified",(480)225-0362x574,tpage@gmail.com
CUST0909,41,Male,26548,France,Writer,281.949.0603,kcole@hotmail.com
CUST0910,22,Male,93294,Germany,"Surveyor, building",336.053.4796,iphillips@smith-johnston.biz
CUST0911,51,Female,43177,Germany,Environmental education officer,100-638-5305x4921,jesushubbard@parrish.com
CUST0912,23,Male,44022,France,Medical illustrator,194.534.7696x8456,andreadavidson@craig.net
CUST0913,19,Male,25542,Germany,"Lecturer, further education",001-001-316-1141,zking@hotmail.com
CUST0914,30,Male,111012,France,Surgeon,(537)201-2974x9790,ybuck@gross.com
CUST0915,60,Female,116320,France,"Nurse, learning disability",371.522.7880,obrown@williams.com
CUST0916,60,Female,80428,Germany,Chief Technology Officer,120-039-0685x767,davidbaxter@yahoo.com
CUST0917,65,Male,42740,France,Emergency planning/management officer,338-766-7040x061,deckertroy@hines.info
CUST0918,28,Female,79353,Spain,Senior tax professional/tax inspector,001-374-565-0864,penny75@yahoo.com
CUST0919,68,Male,110353,Spain,Psychiatric nurse,+1-739-549-4898x9924,william46@gmail.com
CUST0920,64,Female,76532,Germany,Glass blower/designer,2961046487,ojohnson@clark-hamilton.com
CUST0921,40,Male,36052,Germany,Chief Financial Officer,+1-604-164-2291x0609,paulandre@wilcox.com
CUST0922,33,Male,67076,France,"Engineer, maintenance",3017807248,hannahdyer@case.com
CUST0923,48,Female,73420,France,Contractor,262.438.3030x26250,andrew81@yahoo.com
CUST0924,28,Male,20671,France,"Producer, television/film/video",(441)253-9352,olopez@gmail.com
CUST0925,33,Female,20163,France,Metallurgist,001-632-631-3890x5977,herrerasteven@hotmail.com
CUST0926,25,Female,61424,Spain,Manufacturing systems engineer,+1-957-445-1271x911,jacob31@hall.biz
CUST0927,21,Male,73744,Spain,Higher education lecturer,833.730.3298x31706,owilliams@gmail.com
CUST0928,57,Male,90331,Germany,Landscape architect,(055)447-0752x6354,brownjacob@gmail.com
CUST0929,21,Female,30634,France,Artist,185-071-4581x3193,ismith@martinez.com
CUST0930,42,Male,24798,France,"Civil engineer, consulting",(907)547-8997x77416,donna86@price-zimmerman.org
CUST0931,20,Male,42420,Germany,Early years teacher,591.033.2508,omendoza@yahoo.com
CUST0932,49,Male,49300,France,Ecologist,141-170-5196,andrea00@barber.info
CUST0933,20,Male,109881,France,Medical technical officer,001-695-893-5354x341,jeremy78@hotmail.com
CUST0934,44,Male,30749,France,Psychiatric nurse,083-707-3112,mbrown@hotmail.com
CUST0935,46,Female,45121,France,Orthoptist,001-865-870-8033x52727,rachelcooper@gmail.com
CUST0936,49,Female,57487,France,Charity fundraiser,+1-642-005-6619x23352,melissamiller@dunn-green.com
CUST0937,67,Male,113947,Germany,"Production designer, theatre/television/film",001-550-087-2439,mrangel@johnson.com
CUST0938,68,Male,53361,France,Chief Executive Officer,5908541838,jonathanallen@yahoo.com
CUST0939,36,Male,41223,Germany,Passenger transport manager,753.715.5069x1729,brianchang@hotmail.com
CUST0940,38,Female,92930,France,Clothing/textile technologist,9091373957,xharrison@gmail.com
CUST0941,22,Male,34056,Spain,"Engineer, energy",141-659-5524x5295,erin31@gmail.com
CUST0942,35,Female,48380,Spain,Water quality scientist,(987)546-8007,carterdavid@chambers.net
CUST0943,45,Female,46035,Spain,Charity officer,974-983-7426x183,kevin71@wallace-douglas.biz
CUST0944,59,Female,50620,Spain,Art gallery manager,696-270-4025,liucassandra@yahoo.com
CUST0945,39,Male,39877,Germany,Automotive engineer,+1-149-187-8869x0666,chloemolina@bowen.com
CUST0946,38,Female,75316,Germany,Armed forces operational officer,589-033-1232x29241,benjaminalicia@patton.info
CUST0947,23,Male,84041,France,Occupational therapist,001-523-506-4610,hmcguire@hotmail.com
CUST0948,18,Female,73352,Spain,Emergency planning/management officer,(980)602-3773,williamscurtis@santos-jackson.com
CUST0949,22,Male,50911,Germany,Site engineer,3931929699,huntermichael@gmail.com
CUST0950,58,Female,52784,France,Meteorologist,0345396729,donaldharrison@beasley.com
CUST0951,29,Male,23191,France,Neurosurgeon,001-901-450-4494x2634,cowens@oliver.com
CUST0952,43,Female,53160,Germany,Sales promotion account executive,+1-139-869-8750,stephen88@lam.biz
CUST0953,63,Male,110536,Spain,Oncologist,(333)872-7558,jameswhite@gmail.com
CUST0954,51,Male,84641,France,Equities trader,1842797391,caseymichael@white-harris.org
CUST0955,66,Male,69723,Spain,"Surveyor, mining",(480)029-8085,christopher89@anderson.net
CUST0956,31,Male,23631,Spain,Forest/woodland manager,001-875-848-7114x2876,danieljohnson@hotmail.com
CUST0957,43,Female,26172,Spain,Textile designer,912-905-1325,samuelcastillo@hotmail.com
CUST0958,62,Female,62080,France,Marketing executive,355.174.6057x3367,jgarza@williams.org
CUST0959,44,Male,109097,Spain,"Scientist, water quality",(202)320-5876x55926,jamessmall@boyle.com
CUST0960,26,Female,110353,France,Pension scheme manager,686-638-7630x127,ryan68@hotmail.com
CUST0961,43,Male,40281,Spain,Exercise physiologist,213-351-8139,kevin50@gmail.com
CUST0962,64,Male,48671,France,Technical author,683-796-1125,micheal73@hotmail.com
CUST0963,39,Female,71431,Spain,"Therapist, sports",395.430.7387x8195,jessicahenry@pittman.com
CUST0964,64,Male,110900,Germany,Advertising art director,170.913.2257x629,drew30@yahoo.com
CUST0965,47,Male,112961,Spain,Colour technologist,394-042-5499x2001,brownstephanie@hotmail.com
CUST0966,60,Female,48602,Spain,"Psychotherapist, dance movement",+1-068-268-1960x83889,nicoledyer@gmail.com
CUST0967,65,Male,108789,France,Biomedical engineer,043.770.8365x19849,bduncan@garcia.org
CUST0968,34,Male,71399,France,Building services engineer,001-838-161-6514x3273,larrymccoy@yahoo.com
CUST0969,43,Male,43472,Spain,"Optician, dispensing",(027)478-8066x77002,kwang@gmail.com
CUST0970,53,Male,69230,Germany,Trading standards officer,204.998.6835,jonathanmckay@yahoo.com
CUST0971,18,Female,93616,Germany,Chiropodist,+1-917-367-8508x898,njohnson@kim.net
CUST0972,25,Female,27099,France,Community education officer,525.259.3543,byrdsamantha@gmail.com
CUST0973,66,Female,45431,Germany,"Sales professional, IT",321.350.4931,vazquezkelsey@hotmail.com
CUST0974,52,Male,76492,Spain,Housing manager/officer,622-313-2701x460,paula03@cook.org
CUST0975,69,Male,116722,France,"Scientist, research (life sciences)",(481)253-4960,leetaylor@davis-gibbs.net
CUST0976,32,Female,67684,Spain,"Administrator, local government",001-476-115-8034x587,felicia43@yahoo.com
CUST0977,64,Male,50111,France,Artist,+1-065-923-8454x127,aferguson@gmail.com
CUST0978,39,Male,83936,France,Games developer,(783)208-8070x661,heatherkramer@yahoo.com
CUST0979,31,Male,42614,France,Agricultural engineer,584.286.0984,anthony42@yahoo.com
CUST0980,43,Male,112260,France,Geoscientist,001-045-574-6618x3518,tateraymond@bowers.com
CUST0981,45,Female,61991,Germany,"Scientist, research (life sciences)",+1-670-862-4587x34016,olsondavid@yahoo.com
CUST0982,40,Female,90476,Spain,Commercial/residential surveyor,001-014-948-6551,jeffreyjefferson@yahoo.com
CUST0983,31,Female,80920,Spain,Glass blower/designer,001-697-117-2901x428,lorijohnson@yahoo.com
CUST0984,41,Male,114294,Spain,"Designer, fashion/clothing",2381532719,adamsjohn@hotmail.com
CUST0985,19,Female,83530,France,Building control surveyor,001-246-285-2852x486,aaron93@yahoo.com
CUST0986,62,Female,56224,Germany,Field seismologist,001-836-000-7738x87285,alexis13@yahoo.com
CUST0987,43,Male,27788,Spain,Paramedic,+1-189-836-5409,andrew76@yahoo.com
CUST0988,31,Male,48082,Germany,"Journalist, newspaper",+1-177-753-3562x3416,emily86@yahoo.com
CUST0989,68,Female,109570,France,Contractor,001-377-052-5539x70064,joseph44@yahoo.com
CUST0990,24,Female,96816,Spain,Set designer,+1-739-836-6293x62613,angelicajenkins@bush.com
CUST0991,20,Female,103588,Germany,"Accountant, chartered certified",147-551-8721,petersenbrittany@gmail.com
CUST0992,64,Female,36531,France,Market researcher,936.135.6681,acostacarolyn@stewart-carroll.org
CUST0993,40,Male,108340,Germany,Medical physicist,119-834-6463x2583,wrivera@thomas-velazquez.biz
CUST0994,63,Female,114439,Spain,Management consultant,547.394.1936x865,navarromichelle@yahoo.com
CUST0995,60,Female,64857,Spain,Accounting technician,001-014-841-9251,rioserin@smith-bell.com
CUST0996,64,Male,30142,France,Community development worker,844-574-1536x50132,gravesjacob@rios.org
CUST0997,62,Female,68355,France,Clinical molecular geneticist,(358)944-2829x94235,williamsricardo@rodriguez.biz
CUST0998,35,Male,29866,France,Early years teacher,(349)634-8141x6380,rhondapineda@marsh-flores.org
CUST0999,55,Male,90067,Germany,Art gallery manager,415-888-0364,rebecca37@anderson.com
